NA,NA,NA,NA,NA,NA,8,NA,NA,NA,NA,NA,NA,NA,NA,NA,7,0,0,NA,NA,15,22,NA,NA,NA,NA,7,NA,27,NA,NA,NA,NA,15,NA,12,NA,NA,NA,NA,NA,NA,NA,NA,NA,NA,0,NA,NA,NA,NA,NA,NA,NA,0,NA,0,0,0,0,NA,4,NA,NA,NA,NA,NA,NA,21,NA,4,NA,NA,NA,NA,NA,NA,NA,0,NA,0,0,0,NA,0,0,NA,0,0,NA,NA,NA,NA,NA,NA,0,NA,0,1,6,3,0,NA,NA,NA,NA,NA,NA,NA,NA,0,NA,0,NA,0,0,NA,NA,NA,NA,NA,NA,0,0,NA,NA,NA,NA,NA,0,NA,0,NA,NA,NA,NA,NA,0,NA,0,NA,NA,NA,0,NA,NA,NA,NA,0,NA,NA,0,NA,0,NA,NA,NA,NA,NA,NA,NA,NA,0,0,0,NA,0,NA,0,NA,0,NA,0,NA
NA,NA,NA,NA,NA,NA,16,8,4,NA,6,NA,NA,NA,NA,NA,NA,NA,NA,NA,NA,NA,NA,24,33,12,NA,14,NA,NA,14,NA,5,NA,NA,NA,7,9,NA,8,8,NA,NA,NA,NA,22,5,NA,6,NA,NA,NA,NA,6,NA,4,NA,5,6,NA,9,12,15,7,13,NA,25,26,NA,29,NA,NA,NA,NA,NA,NA,NA,4,NA,NA,4,NA,NA,NA,NA,NA,4,4,NA,NA,NA,NA,NA,NA,NA,7,NA,NA,NA,NA,8,NA,0,0,NA,0,0,NA,0,0,NA,NA,NA,NA,0,NA,0,0,NA,0,0,0,NA,0,NA,NA,NA,0,NA,NA,0,NA,0,0,0,NA,NA,0,NA,NA,0,0,NA,0,NA,NA,NA,NA,NA,NA,NA,0,NA,NA,0,0,NA,NA,0,NA,0,NA,NA,NA,NA,NA,NA,NA,0,NA,0,NA,NA,NA,NA
25,NA,24,23,NA,23,NA,NA,NA,NA,NA,8,NA,NA,NA,23,11,NA,NA,NA,NA,NA,27,NA,30,15,NA,NA,NA,NA,NA,6,NA,NA,NA,NA,9,NA,NA,NA,NA,3,21,NA,33,NA,NA,NA,NA,6,9,NA,NA,NA,NA,NA,4,NA,NA,5,NA,11,NA,NA,10,NA,NA,NA,26,NA,NA,11,8,NA,NA,NA,3,NA,6,4,NA,4,4,NA,NA,4,NA,NA,4,4,4,4,NA,NA,4,NA,NA,NA,NA,NA,7,NA,0,NA,NA,NA,0,4,NA,NA,NA,NA,NA,NA,0,0,0,NA,0,NA,0,NA,0,NA,NA,NA,0,0,NA,NA,NA,0,NA,NA,NA,NA,NA,NA,NA,NA,NA,NA,NA,NA,0,0,0,NA,NA,NA,NA,0,NA,NA,0,NA,0,0,NA,0,0,NA,NA,NA,NA,NA,NA,NA,0,0,NA,0,NA,NA,NA
15,NA,NA,NA,NA,NA,NA,NA,NA,NA,0,0,NA,NA,NA,NA,NA,NA,NA,NA,0,NA,NA,0,16,6,0,0,25,27,NA,NA,NA,0,NA,NA,NA,4,NA,0,0,0,12,NA,17,11,NA,NA,NA,0,NA,NA,NA,NA,NA,NA,NA,NA,NA,0,0,0,NA,NA,NA,5,NA,17,18,NA,NA,NA,NA,NA,NA,NA,0,NA,0,0,NA,NA,0,NA,NA,NA,NA,NA,NA,NA,0,NA,NA,0,0,NA,0,NA,2,2,NA,NA,NA,NA,NA,0,0,6,NA,NA,10,NA,0,0,NA,NA,0,NA,NA,0,NA,NA,NA,NA,NA,0,NA,0,0,NA,NA,0,NA,NA,NA,0,NA,NA,NA,NA,NA,0,0,NA,0,NA,NA,0,NA,NA,NA,0,NA,0,NA,0,NA,NA,NA,NA,NA,0,NA,NA,0,0,0,0,NA,NA,NA,NA,0,NA,0
NA,NA,20,NA,NA,NA,NA,NA,NA,NA,NA,3,NA,11,NA,18,3,NA,1,NA,NA,18,NA,NA,NA,NA,NA,NA,29,NA,NA,NA,NA,NA,NA,20,22,NA,NA,NA,0,NA,NA,NA,NA,NA,4,NA,NA,NA,14,NA,NA,NA,NA,NA,NA,NA,NA,NA,NA,NA,NA,NA,2,NA,NA,NA,NA,NA,NA,NA,NA,NA,NA,NA,NA,NA,NA,NA,NA,NA,0,NA,NA,NA,NA,0,NA,NA,NA,0,NA,0,0,NA,NA,NA,NA,0,0,NA,4,NA,NA,NA,NA,NA,NA,NA,NA,NA,NA,NA,0,NA,NA,NA,NA,NA,NA,0,NA,NA,NA,NA,0,NA,0,NA,NA,NA,0,0,0,0,0,0,NA,0,NA,NA,NA,NA,NA,NA,NA,NA,0,NA,NA,NA,0,NA,NA,NA,0,NA,NA,NA,NA,NA,0,0,NA,0,NA,NA,NA,0,NA,NA,0,0,0
NA,NA,NA,NA,NA,NA,NA,67,NA,NA,63,62,NA,NA,NA,NA,61,NA,NA,60,58,NA,NA,NA,NA,NA,58,64,78,NA,60,61,NA,NA,NA,NA,148,60,NA,63,NA,NA,NA,NA,66,61,57,NA,65,NA,NA,NA,71,NA,60,NA,NA,NA,NA,60,NA,61,NA,57,59,NA,68,NA,NA,73,65,61,NA,NA,NA,NA,58,NA,61,NA,NA,58,NA,NA,NA,NA,NA,NA,NA,58,NA,NA,58,NA,NA,NA,NA,NA,NA,NA,NA,NA,NA,NA,0,NA,NA,NA,NA,0,NA,0,NA,NA,NA,0,NA,NA,NA,0,0,0,0,0,NA,NA,NA,0,NA,NA,NA,NA,NA,NA,0,NA,NA,0,0,NA,NA,NA,NA,NA,NA,0,NA,0,NA,NA,NA,NA,0,0,NA,NA,NA,NA,NA,NA,0,NA,NA,NA,NA,0,NA,NA,0,NA,NA,NA,0,0,NA
NA,NA,NA,NA,NA,NA,NA,169,NA,NA,NA,NA,NA,169,NA,172,NA,168,NA,168,NA,171,NA,170,NA,NA,168,168,NA,171,NA,182,186,NA,NA,NA,NA,152,174,180,NA,NA,175,NA,172,168,NA,NA,NA,NA,NA,NA,172,NA,NA,NA,168,167,NA,NA,167,NA,NA,NA,NA,168,NA,NA,NA,176,NA,170,NA,NA,167,NA,168,NA,NA,170,NA,NA,NA,170,NA,170,NA,NA,NA,NA,NA,NA,NA,NA,170,173,NA,162,NA,NA,0,NA,1,1,0,NA,0,NA,NA,NA,NA,NA,NA,NA,NA,NA,0,NA,NA,NA,NA,NA,NA,NA,0,0,0,NA,0,NA,NA,NA,NA,0,NA,NA,NA,NA,NA,NA,NA,NA,NA,NA,NA,0,NA,NA,NA,0,NA,NA,0,NA,NA,NA,NA,NA,NA,NA,NA,0,NA,NA,NA,NA,NA,NA,NA,0,NA,NA,NA,NA,NA
NA,NA,209,NA,NA,NA,209,NA,NA,NA,209,NA,NA,NA,NA,NA,NA,NA,NA,NA,NA,209,206,210,NA,NA,NA,NA,NA,NA,NA,NA,NA,250,NA,NA,NA,NA,NA,NA,NA,NA,NA,NA,212,212,NA,NA,NA,NA,210,NA,NA,NA,211,NA,NA,NA,209,209,NA,NA,209,207,NA,210,NA,NA,212,214,NA,NA,NA,206,NA,NA,NA,212,NA,NA,209,NA,NA,NA,209,NA,209,NA,209,209,NA,NA,209,NA,209,NA,214,205,NA,NA,0,NA,2,NA,NA,0,NA,NA,3,NA,0,0,0,NA,NA,NA,NA,NA,0,NA,NA,0,NA,NA,NA,0,NA,NA,0,0,NA,NA,NA,NA,0,NA,NA,0,NA,NA,NA,0,NA,NA,0,0,NA,NA,NA,NA,NA,NA,NA,NA,0,NA,NA,NA,NA,NA,NA,NA,0,NA,NA,NA,0,NA,NA,NA,NA,NA,NA,0,NA
NA,NA,NA,NA,NA,NA,208,NA,NA,208,208,NA,NA,208,NA,NA,NA,NA,208,NA,NA,NA,208,NA,NA,NA,NA,NA,208,NA,208,NA,NA,228,255,NA,NA,NA,NA,NA,212,NA,NA,NA,NA,NA,211,NA,NA,NA,NA,NA,NA,NA,209,NA,209,NA,NA,NA,NA,NA,NA,208,NA,NA,NA,NA,212,NA,NA,NA,206,206,NA,208,NA,NA,212,209,209,NA,NA,NA,NA,NA,209,NA,209,NA,NA,NA,NA,NA,NA,NA,NA,NA,NA,NA,NA,NA,NA,4,NA,NA,NA,4,NA,NA,NA,NA,0,NA,NA,NA,0,NA,NA,NA,NA,NA,NA,NA,NA,0,NA,NA,NA,NA,NA,NA,0,NA,NA,NA,NA,0,0,NA,NA,NA,0,NA,NA,NA,NA,NA,NA,NA,0,0,NA,0,NA,NA,NA,NA,0,NA,NA,NA,NA,NA,0,NA,NA,NA,NA,NA,NA,NA,NA,0,0
NA,NA,199,NA,NA,NA,NA,NA,NA,NA,199,NA,NA,NA,NA,199,199,NA,199,NA,199,NA,NA,NA,NA,NA,NA,199,199,NA,199,NA,NA,188,255,255,255,NA,NA,NA,NA,195,196,NA,NA,199,NA,NA,NA,NA,201,NA,201,NA,201,NA,NA,201,NA,199,NA,NA,NA,NA,NA,NA,201,202,202,NA,NA,NA,NA,198,NA,NA,NA,202,NA,NA,201,NA,201,201,NA,NA,201,201,NA,201,NA,201,201,201,201,195,NA,NA,NA,16,0,0,NA,NA,NA,NA,1,6,NA,0,NA,0,NA,NA,NA,0,NA,NA,NA,NA,NA,NA,NA,NA,NA,0,NA,0,NA,0,NA,NA,NA,NA,0,0,0,0,0,NA,NA,0,NA,0,0,NA,NA,0,NA,NA,0,NA,0,0,NA,NA,NA,0,0,NA,0,NA,0,0,0,NA,NA,NA,NA,NA,NA,NA,NA,NA,NA
NA,NA,202,NA,NA,NA,NA,NA,202,NA,202,NA,NA,NA,NA,NA,202,NA,202,NA,NA,202,NA,NA,202,NA,NA,202,NA,202,NA,NA,NA,171,NA,NA,NA,NA,NA,NA,NA,NA,NA,NA,NA,NA,200,203,NA,NA,NA,NA,NA,203,203,NA,NA,NA,NA,NA,202,202,NA,NA,NA,203,NA,NA,NA,NA,202,202,NA,201,NA,NA,NA,203,NA,NA,202,NA,NA,NA,NA,NA,NA,202,NA,NA,202,NA,NA,NA,NA,192,NA,NA,112,NA,NA,NA,8,NA,NA,0,NA,NA,NA,NA,NA,NA,NA,0,0,NA,0,0,NA,NA,NA,NA,0,NA,0,NA,NA,NA,NA,0,0,0,NA,NA,0,NA,NA,NA,NA,0,NA,NA,NA,NA,NA,NA,NA,0,NA,NA,0,NA,NA,NA,0,NA,NA,0,NA,NA,NA,0,0,NA,0,NA,NA,NA,NA,0,NA,0,NA,0,NA
NA,NA,NA,NA,210,NA,NA,209,209,NA,NA,NA,NA,NA,209,NA,209,NA,NA,NA,209,NA,NA,NA,209,NA,209,NA,209,NA,NA,217,205,185,NA,NA,NA,NA,243,NA,NA,209,204,NA,207,209,NA,NA,NA,NA,NA,210,NA,NA,NA,NA,NA,210,NA,209,209,209,NA,NA,NA,NA,NA,210,NA,NA,NA,NA,NA,NA,209,NA,210,NA,210,210,NA,NA,NA,NA,NA,210,210,210,210,NA,210,NA,NA,NA,NA,201,NA,196,NA,NA,0,0,NA,6,NA,0,NA,0,0,NA,NA,NA,NA,NA,NA,NA,NA,0,NA,0,NA,NA,NA,0,0,0,0,0,0,NA,NA,NA,0,0,0,NA,NA,NA,NA,NA,NA,NA,NA,NA,NA,NA,0,NA,NA,0,NA,NA,NA,NA,NA,0,NA,NA,0,NA,NA,NA,NA,NA,0,0,NA,0,0,0,NA,NA,NA,0,0
NA,NA,NA,NA,NA,NA,NA,NA,NA,NA,208,NA,NA,NA,NA,NA,NA,208,NA,NA,NA,208,NA,NA,208,NA,NA,208,NA,NA,NA,NA,NA,199,192,NA,NA,NA,255,NA,NA,NA,NA,203,NA,213,213,NA,209,NA,NA,NA,209,NA,209,NA,NA,NA,NA,NA,NA,NA,NA,NA,NA,208,208,NA,NA,NA,NA,NA,NA,NA,NA,NA,NA,NA,NA,NA,NA,NA,NA,NA,NA,NA,NA,208,208,NA,208,NA,NA,208,NA,203,NA,NA,NA,NA,0,0,NA,NA,0,NA,NA,0,0,1,NA,NA,NA,0,NA,NA,0,0,NA,NA,0,0,NA,0,0,0,NA,0,0,NA,NA,NA,NA,NA,0,NA,NA,0,NA,NA,NA,0,NA,0,NA,NA,NA,NA,0,NA,NA,0,NA,NA,NA,0,NA,NA,NA,NA,NA,NA,NA,0,NA,0,NA,NA,NA,NA,NA,NA,NA,0,NA
NA,NA,NA,202,NA,NA,202,202,202,202,202,202,202,NA,202,NA,202,NA,NA,NA,NA,NA,NA,NA,202,NA,NA,NA,NA,NA,202,NA,NA,NA,NA,255,NA,NA,NA,NA,206,NA,NA,NA,NA,NA,NA,NA,NA,202,NA,NA,NA,202,NA,202,NA,NA,NA,NA,202,NA,NA,NA,NA,NA,201,NA,NA,NA,NA,NA,NA,NA,202,NA,NA,NA,202,202,NA,NA,NA,NA,NA,NA,NA,202,NA,NA,202,202,NA,NA,NA,NA,NA,195,113,18,NA,NA,NA,NA,NA,0,NA,NA,0,NA,7,NA,0,NA,NA,0,0,0,NA,0,NA,NA,NA,NA,0,NA,NA,NA,0,NA,NA,NA,NA,NA,0,NA,0,0,NA,NA,NA,NA,NA,NA,NA,NA,NA,NA,0,NA,NA,NA,NA,NA,NA,0,NA,NA,NA,NA,0,NA,NA,0,0,NA,NA,0,0,NA,NA,NA,NA,NA,NA
202,NA,202,202,NA,NA,NA,202,202,202,NA,NA,NA,NA,NA,202,202,202,202,NA,NA,NA,NA,NA,202,NA,202,NA,202,NA,NA,NA,NA,NA,NA,NA,NA,NA,NA,NA,NA,NA,198,NA,209,NA,202,NA,NA,NA,NA,202,202,202,202,NA,202,202,202,NA,NA,202,NA,NA,201,201,NA,NA,NA,NA,NA,NA,NA,202,202,NA,201,NA,201,NA,NA,NA,202,202,NA,NA,NA,202,NA,202,NA,202,202,202,NA,NA,NA,195,NA,14,NA,0,NA,NA,NA,NA,NA,NA,NA,NA,NA,NA,NA,0,0,0,NA,0,0,0,NA,NA,0,NA,NA,NA,NA,NA,NA,0,NA,NA,NA,NA,0,0,NA,NA,NA,NA,0,NA,0,NA,NA,NA,NA,0,NA,NA,NA,0,NA,NA,NA,NA,NA,NA,NA,NA,NA,0,NA,NA,NA,0,NA,NA,NA,NA,0,NA,NA,NA,NA
NA,NA,NA,208,NA,NA,208,NA,NA,NA,208,206,206,NA,206,208,208,208,208,NA,208,208,NA,NA,208,208,NA,208,NA,NA,208,199,NA,211,193,NA,255,NA,NA,NA,NA,195,204,NA,NA,NA,NA,NA,NA,208,208,NA,208,208,NA,NA,206,NA,206,NA,NA,NA,NA,NA,NA,NA,NA,NA,NA,NA,208,NA,209,208,208,NA,206,206,NA,NA,NA,NA,NA,NA,NA,206,206,NA,206,NA,206,NA,206,NA,NA,NA,NA,199,113,14,NA,0,NA,NA,NA,NA,6,NA,NA,1,11,NA,0,NA,NA,NA,0,NA,NA,NA,NA,NA,NA,0,0,NA,NA,NA,NA,NA,NA,NA,NA,0,NA,NA,NA,NA,NA,NA,NA,NA,NA,NA,NA,NA,0,NA,NA,0,NA,NA,NA,NA,0,0,0,NA,0,0,NA,0,NA,NA,NA,NA,0,0,NA,0,0,NA,0,NA,0
NA,NA,203,NA,NA,NA,NA,204,204,203,202,NA,NA,NA,203,NA,NA,201,NA,202,204,NA,NA,202,NA,NA,202,204,NA,NA,NA,NA,207,208,194,NA,NA,255,NA,NA,NA,198,NA,200,NA,NA,NA,202,NA,NA,202,NA,NA,202,NA,NA,NA,NA,201,NA,202,NA,202,NA,201,NA,204,NA,NA,205,NA,205,NA,NA,201,201,NA,NA,NA,NA,NA,NA,NA,211,NA,NA,NA,NA,224,217,211,NA,NA,NA,NA,NA,NA,NA,NA,NA,NA,NA,NA,NA,NA,0,NA,NA,6,NA,0,NA,NA,NA,0,0,NA,NA,NA,NA,NA,NA,NA,0,NA,NA,NA,NA,NA,NA,0,0,NA,NA,NA,NA,NA,NA,0,0,0,0,NA,NA,NA,NA,NA,NA,NA,NA,0,0,NA,NA,0,0,NA,NA,NA,NA,NA,0,0,NA,NA,NA,NA,NA,0,NA,NA,NA,0,NA,NA
201,NA,201,201,NA,NA,NA,NA,NA,NA,NA,NA,202,NA,NA,199,202,NA,NA,NA,201,NA,NA,NA,NA,NA,NA,NA,NA,NA,NA,NA,NA,205,198,184,251,NA,255,255,NA,200,NA,NA,NA,NA,NA,NA,201,201,NA,NA,NA,NA,200,NA,NA,NA,NA,NA,NA,NA,NA,202,NA,NA,NA,NA,NA,NA,NA,203,202,NA,NA,199,199,NA,NA,NA,NA,NA,198,NA,NA,NA,NA,199,NA,NA,NA,195,199,196,NA,NA,NA,NA,NA,NA,NA,0,4,NA,NA,NA,1,NA,4,NA,0,0,NA,NA,0,0,NA,NA,NA,NA,0,NA,NA,NA,0,0,NA,NA,NA,NA,0,NA,NA,NA,NA,NA,NA,NA,0,0,NA,NA,NA,0,NA,NA,NA,NA,NA,0,NA,0,NA,0,0,0,0,0,NA,NA,NA,NA,0,NA,NA,NA,NA,NA,NA,0,NA,0,NA,NA,0
NA,NA,167,NA,NA,NA,NA,NA,166,164,NA,NA,NA,NA,NA,168,NA,163,167,NA,NA,NA,NA,NA,166,NA,165,NA,NA,165,NA,152,157,NA,165,147,NA,NA,NA,NA,NA,157,NA,NA,NA,158,NA,NA,NA,NA,166,166,NA,NA,NA,167,163,162,164,165,NA,NA,NA,163,NA,NA,NA,NA,NA,171,NA,NA,164,164,NA,163,163,NA,NA,NA,NA,NA,NA,NA,158,153,NA,153,NA,NA,NA,NA,160,157,NA,144,154,148,NA,NA,NA,NA,3,NA,NA,NA,NA,NA,3,NA,NA,0,NA,NA,NA,0,NA,NA,NA,NA,NA,0,NA,NA,NA,NA,NA,NA,0,0,0,NA,NA,NA,NA,NA,NA,0,NA,NA,NA,NA,NA,NA,0,NA,NA,NA,0,NA,NA,NA,0,0,NA,NA,0,0,0,0,NA,0,NA,NA,NA,0,0,NA,NA,0,NA,NA,0,NA,NA
67,NA,70,NA,NA,73,NA,NA,NA,58,NA,NA,NA,60,NA,NA,NA,NA,71,NA,NA,NA,52,NA,NA,NA,54,55,NA,55,59,54,NA,NA,NA,48,NA,243,NA,NA,221,57,NA,NA,NA,57,NA,59,NA,59,NA,61,62,NA,NA,66,NA,NA,54,55,54,54,56,NA,NA,NA,59,NA,NA,NA,NA,NA,NA,NA,NA,55,57,NA,NA,NA,NA,NA,55,NA,NA,NA,NA,NA,NA,NA,NA,60,61,NA,49,NA,NA,NA,34,NA,0,NA,NA,3,NA,NA,1,NA,NA,NA,NA,NA,NA,NA,NA,NA,NA,NA,NA,NA,NA,NA,NA,NA,NA,0,0,NA,NA,NA,NA,0,0,0,0,NA,NA,NA,0,NA,NA,NA,0,0,0,NA,NA,NA,NA,NA,0,NA,NA,NA,NA,NA,NA,0,0,NA,NA,0,0,0,NA,NA,NA,NA,NA,0,NA,0,0,0,NA
NA,NA,NA,NA,NA,33,NA,NA,NA,NA,NA,NA,15,NA,28,NA,30,NA,NA,NA,NA,21,NA,11,NA,13,NA,11,NA,NA,NA,NA,13,10,NA,15,NA,NA,254,NA,255,NA,NA,27,NA,NA,NA,NA,16,15,NA,NA,NA,20,NA,NA,NA,NA,12,NA,NA,11,NA,NA,14,NA,NA,NA,NA,26,18,NA,14,13,NA,NA,NA,NA,NA,NA,NA,4,NA,NA,NA,NA,NA,NA,NA,NA,NA,NA,17,NA,NA,NA,NA,NA,NA,NA,NA,0,3,NA,0,NA,1,NA,NA,NA,NA,NA,NA,NA,NA,NA,NA,NA,NA,NA,NA,NA,NA,NA,NA,NA,NA,NA,0,0,0,NA,NA,NA,0,0,NA,0,NA,NA,0,NA,NA,NA,NA,NA,0,NA,NA,NA,NA,NA,0,0,NA,NA,NA,0,0,NA,0,0,NA,0,0,NA,0,NA,0,NA,NA,0,0,NA,NA
NA,NA,NA,NA,NA,76,NA,NA,69,NA,NA,62,NA,NA,NA,NA,NA,NA,63,62,NA,NA,NA,NA,68,67,NA,62,61,NA,NA,NA,NA,NA,NA,NA,NA,228,NA,NA,NA,NA,NA,NA,NA,NA,NA,NA,65,64,NA,NA,64,NA,NA,NA,NA,NA,64,NA,NA,63,NA,NA,NA,NA,NA,NA,NA,NA,NA,65,64,NA,NA,NA,62,NA,64,76,NA,NA,0,NA,0,NA,0,NA,NA,NA,NA,NA,NA,NA,NA,0,NA,NA,1,0,NA,NA,NA,1,NA,NA,NA,NA,NA,NA,NA,0,0,NA,0,NA,0,NA,0,NA,NA,0,0,NA,NA,NA,NA,NA,NA,NA,0,NA,NA,NA,0,NA,NA,0,NA,NA,0,NA,0,NA,0,NA,0,0,0,NA,NA,NA,0,NA,0,0,0,0,0,NA,NA,NA,NA,NA,NA,NA,0,NA,0,NA,0,NA,0,0,NA
172,NA,172,NA,NA,NA,172,173,NA,NA,NA,NA,NA,173,NA,173,NA,NA,NA,NA,NA,NA,NA,NA,174,NA,171,NA,169,170,NA,NA,164,178,NA,184,NA,NA,NA,NA,NA,232,150,NA,180,NA,NA,174,NA,NA,NA,NA,NA,172,NA,NA,NA,NA,NA,NA,173,NA,NA,NA,NA,NA,NA,177,177,NA,NA,NA,NA,NA,171,NA,NA,NA,172,NA,NA,70,9,0,0,NA,NA,NA,NA,NA,NA,NA,NA,NA,NA,NA,NA,NA,0,NA,NA,NA,NA,0,NA,NA,NA,0,0,NA,4,0,NA,NA,NA,0,NA,NA,NA,NA,NA,NA,0,NA,0,NA,0,NA,NA,0,0,NA,NA,NA,NA,NA,0,0,NA,NA,NA,NA,NA,NA,NA,NA,NA,NA,NA,NA,NA,0,NA,NA,NA,0,0,NA,NA,NA,0,NA,NA,0,NA,NA,NA,NA,NA,NA,0,0,0,0,NA
212,212,NA,NA,211,NA,NA,NA,212,NA,212,NA,NA,NA,NA,NA,NA,211,NA,212,NA,NA,NA,NA,NA,NA,NA,213,NA,NA,212,203,209,NA,NA,NA,NA,NA,NA,NA,255,NA,189,202,215,NA,NA,NA,NA,212,NA,NA,NA,212,NA,NA,211,NA,NA,NA,NA,NA,NA,NA,NA,NA,NA,NA,NA,NA,216,NA,213,NA,212,212,NA,NA,NA,222,186,NA,NA,NA,NA,2,NA,NA,NA,NA,NA,NA,NA,NA,NA,NA,NA,NA,0,NA,NA,NA,NA,NA,NA,NA,NA,0,NA,3,NA,NA,0,0,NA,0,NA,0,NA,0,NA,0,0,0,0,NA,0,NA,NA,NA,NA,NA,NA,NA,NA,NA,NA,NA,NA,0,NA,NA,0,NA,NA,NA,NA,NA,NA,0,NA,0,0,NA,0,0,NA,0,0,NA,0,NA,NA,NA,NA,NA,0,0,0,0,NA,0,NA,NA,NA
NA,NA,NA,210,NA,210,NA,NA,210,NA,NA,NA,NA,NA,210,NA,NA,NA,210,210,NA,NA,210,210,NA,210,NA,NA,NA,NA,NA,NA,208,NA,NA,221,200,NA,255,255,NA,255,205,NA,NA,NA,205,NA,NA,210,210,210,NA,NA,210,NA,NA,210,210,210,NA,NA,210,NA,210,NA,212,NA,213,NA,212,212,NA,NA,210,NA,210,212,NA,NA,NA,83,NA,0,NA,4,NA,NA,NA,NA,NA,1,NA,NA,NA,NA,NA,NA,0,NA,3,0,NA,0,0,NA,NA,NA,0,NA,NA,0,0,NA,NA,NA,NA,NA,NA,0,NA,0,0,0,NA,NA,0,0,0,NA,NA,NA,NA,0,NA,NA,NA,0,NA,0,NA,NA,NA,0,NA,NA,NA,NA,0,NA,NA,NA,NA,NA,NA,0,NA,0,NA,NA,NA,NA,0,0,NA,NA,NA,NA,NA,NA,NA,0,0,NA,NA
NA,NA,NA,NA,NA,NA,NA,NA,NA,201,201,201,NA,NA,201,201,NA,NA,NA,NA,NA,201,201,NA,NA,NA,201,NA,NA,201,201,199,NA,NA,NA,NA,NA,NA,NA,NA,NA,NA,NA,NA,NA,NA,NA,199,NA,NA,NA,199,NA,199,NA,NA,NA,NA,199,NA,NA,199,199,198,NA,NA,NA,NA,NA,NA,201,NA,NA,NA,NA,198,NA,NA,NA,220,180,NA,NA,NA,0,2,NA,3,NA,NA,NA,NA,NA,0,0,NA,4,NA,NA,NA,NA,0,NA,NA,NA,3,NA,0,NA,0,NA,0,NA,0,0,NA,NA,NA,NA,0,NA,NA,NA,NA,NA,0,NA,NA,NA,NA,NA,NA,NA,0,NA,NA,0,NA,0,NA,0,0,NA,NA,NA,NA,NA,0,NA,NA,NA,NA,NA,NA,NA,NA,0,NA,NA,NA,0,NA,NA,NA,NA,NA,0,NA,0,NA,NA,NA,NA,0,NA
202,NA,NA,NA,NA,NA,NA,202,NA,NA,202,NA,NA,NA,NA,202,NA,202,202,NA,NA,NA,NA,NA,NA,NA,202,202,202,NA,202,NA,204,NA,NA,NA,NA,NA,NA,NA,NA,245,NA,NA,NA,205,NA,202,202,NA,NA,NA,NA,202,202,NA,NA,NA,NA,NA,NA,202,NA,NA,201,NA,NA,NA,NA,202,202,201,NA,NA,NA,NA,NA,NA,NA,NA,NA,83,16,NA,NA,NA,NA,NA,0,NA,NA,NA,NA,NA,NA,NA,NA,0,0,NA,NA,0,NA,NA,3,3,NA,NA,NA,NA,NA,NA,NA,NA,0,NA,NA,NA,0,NA,NA,NA,NA,0,NA,NA,0,NA,NA,NA,0,0,NA,NA,NA,NA,0,0,NA,NA,NA,NA,NA,NA,NA,NA,NA,NA,NA,NA,NA,0,NA,NA,NA,NA,NA,0,0,NA,NA,NA,NA,0,NA,NA,NA,NA,NA,NA,NA,0,NA,NA,NA
210,NA,210,NA,NA,210,210,210,210,210,NA,NA,210,210,210,210,210,NA,NA,210,210,NA,NA,NA,NA,NA,210,NA,NA,210,NA,NA,NA,217,NA,206,NA,NA,NA,255,NA,NA,NA,NA,NA,NA,NA,210,210,NA,NA,NA,NA,210,NA,NA,210,NA,NA,NA,NA,NA,NA,NA,208,NA,NA,NA,210,NA,NA,209,209,NA,NA,209,NA,NA,NA,NA,NA,87,NA,NA,NA,NA,NA,NA,NA,0,NA,0,NA,NA,NA,NA,0,NA,NA,NA,NA,NA,NA,3,NA,NA,NA,1,NA,0,0,NA,NA,0,NA,NA,NA,NA,0,NA,NA,NA,NA,NA,NA,NA,NA,0,NA,0,NA,NA,NA,NA,NA,0,NA,NA,NA,NA,NA,NA,NA,0,NA,0,NA,0,NA,0,0,0,NA,NA,0,0,0,NA,0,0,0,0,0,NA,NA,NA,NA,0,NA,NA,0,NA,NA,NA,0
NA,208,208,NA,NA,NA,NA,208,208,NA,NA,NA,208,NA,208,NA,NA,NA,208,NA,208,NA,NA,NA,NA,NA,208,208,NA,208,208,NA,NA,216,NA,NA,NA,211,NA,NA,NA,241,255,NA,209,215,201,NA,NA,NA,NA,NA,208,NA,NA,NA,NA,NA,208,NA,208,NA,NA,206,206,NA,NA,209,NA,209,208,NA,NA,NA,NA,NA,NA,NA,209,NA,175,NA,NA,NA,NA,NA,0,0,3,NA,NA,NA,NA,1,0,NA,0,0,NA,0,NA,NA,NA,NA,NA,0,NA,NA,3,NA,0,0,0,NA,NA,NA,NA,0,0,NA,NA,0,NA,0,NA,NA,0,0,NA,0,NA,NA,NA,0,NA,0,NA,NA,NA,0,0,NA,0,0,NA,NA,NA,NA,NA,NA,NA,NA,NA,NA,NA,NA,NA,NA,NA,0,NA,NA,0,NA,NA,0,NA,NA,NA,NA,0,NA,NA,0,NA
NA,NA,NA,NA,NA,201,NA,201,NA,201,201,201,201,NA,NA,NA,NA,201,201,NA,NA,NA,NA,NA,NA,NA,201,201,201,NA,201,NA,NA,NA,NA,NA,203,NA,NA,NA,NA,NA,255,232,NA,NA,NA,NA,NA,NA,NA,NA,NA,NA,NA,NA,201,NA,NA,NA,NA,201,NA,198,NA,NA,NA,NA,NA,NA,NA,NA,NA,NA,199,NA,NA,NA,NA,NA,NA,NA,11,4,NA,NA,NA,NA,NA,NA,NA,NA,NA,NA,NA,4,NA,NA,NA,NA,0,0,NA,3,0,NA,0,NA,NA,NA,0,NA,0,NA,NA,NA,0,NA,NA,NA,NA,NA,0,NA,0,0,NA,NA,0,0,0,NA,NA,NA,0,NA,NA,NA,0,NA,NA,NA,NA,NA,0,NA,0,0,NA,0,NA,NA,NA,NA,0,NA,NA,NA,0,NA,NA,NA,NA,0,NA,NA,NA,0,NA,0,0,NA,NA,NA,0
NA,NA,NA,NA,NA,NA,201,NA,NA,201,NA,NA,NA,201,NA,NA,NA,NA,NA,NA,NA,NA,201,201,NA,201,NA,NA,NA,NA,NA,201,NA,NA,NA,NA,NA,NA,NA,NA,NA,255,255,NA,NA,NA,NA,NA,NA,NA,NA,NA,NA,201,NA,NA,NA,NA,201,201,NA,201,NA,NA,NA,NA,NA,NA,NA,NA,NA,NA,NA,NA,201,202,NA,NA,NA,NA,NA,NA,NA,NA,NA,NA,NA,NA,NA,NA,3,0,NA,NA,NA,7,NA,NA,NA,3,1,NA,NA,1,NA,NA,NA,6,NA,NA,0,NA,NA,NA,0,NA,NA,NA,0,NA,NA,0,0,NA,NA,NA,NA,0,0,NA,NA,NA,0,NA,0,NA,0,0,0,0,NA,NA,NA,0,0,0,0,NA,0,NA,NA,0,NA,NA,NA,NA,0,NA,NA,NA,NA,NA,NA,0,NA,0,NA,NA,NA,NA,NA,NA,NA,NA,0
NA,209,NA,209,209,NA,NA,NA,NA,NA,209,NA,NA,209,NA,209,NA,NA,209,209,209,NA,209,NA,NA,NA,NA,NA,NA,209,NA,NA,NA,NA,NA,NA,212,211,201,NA,NA,255,255,NA,NA,199,NA,NA,209,NA,209,NA,NA,NA,NA,NA,NA,NA,NA,NA,NA,209,209,208,209,209,NA,NA,NA,NA,NA,NA,NA,NA,NA,NA,NA,NA,NA,237,NA,89,NA,NA,NA,0,0,0,4,NA,NA,0,0,NA,NA,NA,NA,NA,NA,NA,NA,0,0,NA,NA,NA,NA,NA,14,7,NA,0,NA,NA,NA,NA,NA,NA,0,NA,0,NA,NA,NA,NA,NA,NA,NA,NA,0,0,NA,0,0,NA,NA,0,0,0,0,NA,NA,NA,0,NA,NA,NA,NA,0,NA,NA,NA,NA,0,NA,NA,0,NA,0,0,NA,NA,0,0,NA,NA,NA,0,NA,NA,0,NA,0,NA,NA
NA,212,NA,212,NA,NA,NA,NA,NA,NA,NA,212,NA,NA,NA,212,212,NA,NA,212,212,NA,NA,NA,NA,211,NA,NA,NA,211,NA,NA,209,NA,213,217,NA,NA,NA,NA,255,255,NA,NA,NA,NA,224,205,NA,NA,NA,NA,NA,NA,NA,214,216,NA,NA,NA,213,210,208,209,209,211,NA,NA,NA,215,214,NA,NA,NA,NA,NA,209,NA,NA,NA,NA,NA,NA,0,NA,4,6,1,0,NA,0,NA,3,0,0,NA,NA,NA,NA,NA,1,NA,NA,NA,0,0,NA,NA,2,NA,NA,NA,0,NA,NA,NA,0,NA,0,0,NA,NA,NA,NA,NA,0,NA,NA,NA,NA,NA,NA,NA,NA,0,NA,NA,NA,NA,0,NA,0,NA,NA,NA,NA,NA,0,0,NA,NA,NA,0,NA,NA,NA,0,NA,NA,0,NA,NA,0,NA,NA,NA,0,NA,NA,0,NA,NA,NA,NA,NA
194,194,NA,194,NA,NA,NA,NA,NA,194,195,NA,NA,NA,NA,194,194,NA,195,NA,NA,NA,193,195,NA,NA,194,NA,NA,NA,NA,NA,192,NA,NA,NA,NA,NA,NA,NA,NA,NA,NA,NA,255,NA,198,189,NA,199,NA,NA,NA,189,NA,NA,NA,NA,NA,NA,NA,191,190,189,NA,NA,NA,NA,NA,NA,NA,NA,NA,NA,NA,NA,NA,NA,189,NA,NA,NA,14,NA,NA,7,NA,3,NA,NA,NA,6,NA,1,NA,NA,NA,NA,NA,NA,NA,3,NA,NA,NA,0,NA,NA,NA,NA,NA,NA,NA,0,NA,NA,NA,NA,0,NA,NA,NA,NA,NA,NA,0,NA,NA,0,0,NA,0,NA,NA,NA,0,0,NA,0,NA,NA,NA,NA,NA,0,NA,NA,NA,NA,0,NA,NA,0,NA,NA,NA,0,NA,NA,NA,NA,0,NA,0,0,NA,NA,NA,NA,NA,0,NA,NA,0,0
NA,NA,NA,136,NA,NA,NA,NA,137,NA,NA,NA,130,136,135,NA,NA,NA,129,NA,NA,130,NA,129,131,131,NA,NA,NA,NA,127,134,NA,NA,NA,NA,124,NA,NA,NA,NA,255,248,NA,255,149,NA,NA,131,NA,NA,NA,NA,NA,128,131,NA,131,132,NA,NA,133,129,125,NA,NA,NA,NA,NA,NA,128,NA,NA,NA,NA,NA,NA,NA,NA,NA,NA,NA,NA,NA,NA,8,NA,0,NA,NA,NA,NA,NA,NA,NA,NA,NA,0,NA,NA,NA,NA,NA,3,4,NA,NA,3,NA,NA,NA,NA,NA,0,NA,NA,NA,0,NA,NA,NA,NA,NA,0,NA,NA,0,NA,NA,0,NA,0,NA,NA,0,0,0,NA,NA,0,NA,NA,0,0,0,NA,NA,NA,0,0,NA,NA,NA,NA,NA,0,0,NA,NA,NA,NA,0,0,NA,NA,NA,NA,0,NA,NA,NA,NA,NA,0,NA
50,NA,NA,NA,NA,NA,NA,NA,55,NA,NA,40,NA,NA,NA,NA,NA,NA,33,34,NA,35,NA,NA,NA,NA,35,37,43,NA,NA,NA,NA,NA,NA,NA,26,NA,30,43,NA,NA,NA,NA,250,NA,NA,32,NA,NA,NA,NA,NA,NA,NA,NA,NA,NA,NA,37,NA,NA,NA,NA,38,NA,NA,49,NA,50,NA,39,NA,NA,36,36,NA,NA,NA,NA,NA,NA,NA,NA,NA,8,NA,NA,NA,0,NA,NA,NA,NA,NA,7,NA,NA,NA,7,6,NA,0,NA,NA,1,NA,NA,5,NA,NA,NA,NA,0,NA,0,0,0,NA,NA,NA,NA,NA,NA,NA,NA,NA,NA,NA,0,NA,NA,NA,NA,NA,NA,NA,0,NA,0,NA,NA,0,0,0,NA,0,NA,0,NA,NA,0,NA,0,NA,NA,NA,NA,NA,NA,0,0,NA,NA,0,0,NA,NA,NA,0,NA,NA,0,NA,NA
NA,NA,33,NA,NA,36,NA,NA,39,NA,NA,NA,NA,30,NA,NA,NA,NA,17,17,NA,NA,NA,NA,21,NA,NA,21,NA,NA,NA,NA,NA,NA,NA,NA,NA,NA,20,28,NA,111,251,NA,NA,NA,27,NA,19,15,14,15,NA,NA,NA,NA,NA,17,19,NA,NA,NA,NA,22,NA,NA,29,NA,NA,NA,NA,26,NA,NA,NA,NA,NA,25,25,NA,NA,NA,NA,NA,NA,NA,20,NA,NA,NA,NA,NA,NA,NA,NA,21,NA,14,17,21,20,15,NA,15,NA,20,NA,NA,15,NA,0,NA,NA,0,NA,0,NA,0,NA,NA,NA,NA,NA,NA,NA,0,NA,NA,NA,NA,0,NA,NA,NA,NA,NA,0,NA,NA,NA,NA,NA,0,NA,NA,NA,NA,NA,NA,NA,0,NA,NA,NA,NA,NA,NA,NA,NA,NA,NA,NA,NA,NA,NA,NA,0,NA,0,NA,NA,0,NA,NA,0
NA,NA,NA,NA,NA,NA,NA,106,NA,NA,NA,97,96,103,NA,NA,NA,NA,NA,NA,NA,NA,NA,NA,96,NA,NA,96,101,NA,NA,NA,93,NA,NA,93,93,95,NA,101,NA,109,NA,249,NA,NA,96,NA,96,NA,NA,90,NA,NA,NA,NA,NA,NA,NA,93,94,NA,NA,NA,NA,NA,NA,NA,108,105,NA,NA,NA,NA,NA,95,95,NA,NA,NA,94,NA,NA,NA,NA,103,NA,97,96,NA,NA,NA,NA,NA,NA,NA,97,NA,99,NA,NA,94,94,NA,NA,NA,100,101,96,NA,26,NA,0,0,0,NA,NA,NA,0,NA,NA,NA,0,NA,0,0,0,NA,NA,0,NA,0,0,NA,0,0,0,NA,NA,0,NA,NA,NA,NA,NA,NA,NA,NA,0,NA,0,NA,NA,NA,NA,NA,0,0,NA,NA,NA,NA,0,0,NA,NA,0,NA,NA,0,NA,0,0,NA,0
187,187,NA,NA,188,NA,NA,NA,NA,188,188,NA,187,NA,NA,NA,NA,NA,NA,NA,188,NA,189,NA,NA,NA,NA,188,189,NA,NA,192,NA,NA,185,187,191,NA,NA,184,178,NA,NA,NA,255,255,173,NA,NA,NA,NA,185,NA,NA,NA,NA,NA,190,NA,NA,NA,NA,NA,NA,NA,NA,NA,188,NA,NA,186,NA,NA,185,NA,NA,NA,NA,NA,NA,NA,187,NA,NA,187,NA,NA,184,NA,NA,NA,NA,NA,187,NA,186,NA,NA,184,NA,NA,NA,179,183,184,184,NA,NA,179,142,NA,NA,NA,NA,NA,NA,NA,NA,NA,NA,NA,0,0,NA,NA,NA,0,NA,NA,0,NA,NA,NA,NA,NA,0,0,NA,NA,NA,0,NA,NA,NA,NA,NA,NA,NA,NA,0,NA,0,NA,0,NA,0,NA,NA,NA,NA,0,0,NA,NA,NA,0,NA,NA,0,0,NA,NA,NA,NA,NA
NA,NA,NA,215,NA,NA,NA,NA,214,NA,NA,NA,217,NA,NA,NA,NA,NA,216,NA,214,214,NA,NA,NA,215,NA,216,215,NA,216,219,NA,212,NA,NA,NA,NA,NA,211,NA,NA,NA,NA,NA,255,NA,222,NA,212,NA,212,215,216,216,NA,NA,NA,NA,NA,212,214,NA,210,NA,NA,213,213,NA,NA,NA,NA,NA,NA,NA,NA,210,NA,NA,214,215,NA,NA,211,NA,NA,NA,209,212,NA,NA,215,NA,209,208,NA,NA,NA,NA,NA,NA,203,203,NA,NA,NA,214,213,NA,NA,81,NA,NA,NA,NA,0,NA,NA,0,NA,0,NA,NA,NA,NA,NA,0,NA,NA,NA,NA,NA,NA,NA,NA,NA,0,NA,0,NA,NA,NA,NA,NA,0,NA,NA,0,0,NA,0,NA,0,NA,NA,NA,NA,0,NA,NA,NA,NA,NA,NA,NA,0,NA,NA,NA,0,NA,0,NA,0,NA
210,NA,210,NA,210,NA,210,NA,NA,NA,NA,NA,NA,NA,NA,NA,NA,NA,210,NA,NA,NA,NA,NA,NA,NA,NA,NA,NA,NA,210,210,209,NA,NA,NA,NA,217,NA,210,NA,NA,NA,255,254,NA,NA,NA,212,NA,NA,NA,213,NA,NA,NA,NA,NA,209,209,NA,209,NA,NA,NA,209,NA,212,NA,NA,210,210,209,NA,NA,NA,NA,NA,NA,216,NA,NA,NA,NA,NA,NA,203,NA,212,213,212,NA,208,NA,NA,NA,NA,208,NA,210,208,NA,205,206,NA,NA,NA,215,199,158,NA,0,NA,NA,NA,NA,NA,NA,0,0,NA,NA,NA,NA,NA,NA,NA,0,NA,NA,NA,NA,0,NA,0,NA,NA,0,0,NA,NA,NA,0,NA,NA,NA,0,0,0,0,NA,NA,NA,NA,0,NA,NA,0,NA,NA,NA,NA,NA,NA,0,NA,0,NA,NA,NA,NA,NA,NA,NA,NA
NA,NA,NA,NA,NA,NA,NA,NA,201,NA,201,NA,NA,201,NA,NA,NA,NA,NA,NA,201,201,NA,201,201,NA,201,NA,NA,NA,NA,198,NA,195,NA,203,208,205,NA,NA,209,NA,NA,255,NA,NA,NA,NA,NA,NA,202,NA,NA,NA,NA,NA,NA,NA,NA,NA,NA,NA,199,NA,NA,NA,NA,NA,203,NA,NA,NA,NA,199,NA,NA,201,202,202,208,NA,NA,NA,196,NA,NA,199,NA,NA,203,201,NA,NA,199,NA,NA,202,NA,NA,NA,NA,NA,201,NA,NA,NA,209,NA,NA,149,NA,NA,NA,0,0,NA,NA,NA,NA,NA,NA,NA,NA,NA,0,NA,NA,0,NA,NA,NA,NA,NA,NA,NA,NA,NA,NA,NA,NA,NA,NA,0,NA,NA,NA,NA,NA,NA,NA,NA,NA,0,0,NA,NA,0,NA,NA,0,NA,NA,NA,NA,NA,NA,NA,NA,NA,NA,NA,NA,NA,0,NA
NA,202,202,NA,NA,202,NA,202,202,NA,202,NA,202,202,202,NA,NA,NA,NA,NA,202,NA,202,NA,202,202,202,202,202,NA,NA,199,NA,198,NA,NA,NA,203,NA,NA,211,NA,NA,NA,248,NA,255,NA,NA,NA,208,NA,NA,NA,NA,NA,NA,NA,NA,201,NA,NA,NA,NA,201,201,NA,203,NA,NA,NA,201,201,201,NA,NA,202,202,202,NA,203,202,NA,198,198,NA,NA,206,NA,NA,NA,199,NA,NA,205,NA,NA,203,NA,205,NA,NA,NA,NA,202,NA,210,NA,NA,NA,NA,0,NA,NA,0,NA,NA,NA,NA,NA,NA,NA,NA,0,NA,NA,NA,NA,NA,NA,NA,NA,NA,0,0,NA,NA,NA,NA,NA,NA,0,0,0,NA,NA,0,NA,NA,NA,0,NA,0,0,0,NA,NA,NA,NA,0,NA,0,NA,NA,NA,0,0,NA,NA,NA,0,NA,NA,NA,NA
NA,NA,NA,NA,NA,NA,209,NA,NA,NA,NA,NA,NA,NA,NA,NA,NA,NA,NA,NA,NA,NA,209,NA,209,NA,NA,NA,209,NA,209,206,NA,NA,NA,210,NA,NA,205,NA,NA,208,NA,NA,255,247,NA,NA,NA,204,NA,NA,210,211,NA,NA,NA,NA,NA,206,210,NA,NA,NA,206,208,NA,209,209,209,NA,NA,NA,206,206,206,NA,209,NA,206,NA,NA,203,NA,208,NA,NA,NA,NA,NA,NA,NA,206,209,NA,NA,NA,208,209,209,208,NA,210,210,NA,NA,213,216,NA,155,69,NA,NA,NA,NA,NA,NA,NA,NA,0,0,0,NA,NA,NA,0,0,NA,NA,0,NA,NA,NA,NA,0,NA,NA,NA,NA,NA,0,NA,NA,NA,0,NA,0,NA,NA,NA,NA,0,NA,NA,0,NA,NA,NA,NA,0,0,0,NA,NA,NA,NA,0,0,NA,0,0,NA,NA,NA,NA
NA,NA,NA,NA,206,NA,206,NA,NA,NA,NA,NA,NA,NA,206,206,NA,NA,NA,NA,NA,NA,NA,NA,NA,NA,NA,NA,206,NA,NA,NA,NA,NA,NA,NA,208,NA,NA,NA,NA,205,NA,NA,NA,NA,NA,NA,NA,NA,NA,NA,NA,NA,210,NA,NA,201,NA,NA,NA,208,NA,206,NA,NA,NA,NA,NA,209,NA,NA,208,NA,NA,208,NA,NA,210,NA,203,NA,203,206,209,213,NA,213,NA,NA,206,206,NA,NA,NA,NA,206,205,NA,NA,NA,NA,NA,NA,202,NA,209,NA,NA,155,68,NA,NA,0,NA,NA,NA,0,NA,NA,NA,NA,NA,NA,0,NA,0,0,NA,NA,NA,NA,NA,NA,0,NA,0,NA,0,NA,NA,NA,NA,NA,0,0,0,NA,NA,NA,NA,NA,NA,NA,NA,NA,NA,NA,NA,NA,NA,NA,0,NA,NA,NA,0,NA,NA,NA,0,NA,NA,NA,NA
201,NA,201,201,NA,NA,201,NA,NA,201,NA,NA,NA,NA,201,NA,NA,NA,NA,NA,NA,NA,199,199,NA,NA,NA,NA,NA,NA,199,NA,201,NA,196,195,NA,NA,NA,206,NA,201,NA,NA,NA,NA,NA,255,184,NA,NA,NA,NA,198,NA,NA,202,194,NA,NA,205,NA,NA,202,NA,NA,NA,NA,205,NA,205,NA,NA,NA,203,NA,205,206,NA,NA,NA,NA,201,NA,NA,208,NA,NA,203,203,NA,NA,NA,205,NA,NA,NA,NA,199,201,202,NA,NA,NA,NA,NA,NA,NA,196,151,NA,NA,NA,0,0,NA,NA,NA,NA,NA,0,NA,NA,NA,NA,NA,NA,NA,0,NA,NA,NA,NA,NA,0,NA,NA,NA,0,NA,NA,NA,NA,NA,NA,0,NA,NA,0,NA,NA,NA,NA,NA,NA,NA,NA,NA,NA,NA,0,NA,NA,0,NA,NA,0,0,NA,NA,NA,0,0,0,NA
NA,NA,202,202,NA,202,202,202,NA,NA,NA,202,NA,NA,NA,202,202,202,NA,NA,NA,202,NA,NA,202,NA,202,NA,NA,NA,NA,NA,NA,NA,NA,NA,195,NA,NA,NA,202,201,NA,NA,NA,255,NA,NA,NA,NA,NA,NA,NA,NA,NA,NA,NA,195,194,NA,209,NA,202,NA,NA,NA,203,NA,NA,NA,NA,NA,202,NA,NA,203,NA,NA,NA,NA,NA,202,NA,NA,NA,NA,NA,NA,NA,201,NA,206,205,NA,NA,205,202,NA,NA,201,NA,NA,NA,206,NA,NA,NA,NA,NA,152,NA,NA,0,NA,NA,NA,NA,NA,NA,NA,NA,0,NA,0,NA,NA,NA,NA,NA,NA,0,NA,NA,NA,NA,NA,NA,NA,NA,NA,NA,NA,NA,NA,NA,NA,NA,NA,NA,NA,NA,NA,NA,NA,NA,0,NA,NA,NA,NA,NA,0,NA,NA,0,NA,0,NA,NA,NA,0,0,NA,NA,NA
NA,NA,NA,NA,NA,NA,NA,209,NA,209,NA,NA,NA,209,NA,NA,209,NA,209,NA,NA,NA,NA,NA,NA,209,NA,209,NA,NA,209,NA,NA,NA,NA,199,198,NA,NA,NA,NA,NA,NA,203,NA,NA,NA,NA,NA,NA,NA,NA,NA,NA,NA,217,NA,NA,NA,NA,NA,215,NA,NA,203,205,NA,NA,206,NA,NA,NA,203,NA,NA,NA,NA,NA,NA,NA,NA,NA,NA,203,NA,NA,NA,201,NA,NA,NA,209,208,NA,NA,208,205,NA,202,203,NA,NA,215,210,200,196,204,212,NA,158,72,NA,0,NA,NA,0,0,NA,NA,0,0,NA,0,NA,NA,NA,0,0,NA,0,0,NA,NA,NA,NA,0,NA,0,NA,NA,NA,NA,0,NA,NA,NA,NA,0,0,NA,NA,0,NA,NA,NA,NA,NA,NA,NA,NA,0,NA,NA,NA,0,NA,NA,0,0,NA,NA,NA,NA,0,0
NA,NA,NA,220,NA,220,220,220,NA,NA,222,221,NA,221,NA,NA,NA,NA,NA,NA,NA,NA,222,223,NA,NA,221,NA,NA,NA,NA,NA,NA,NA,NA,217,NA,NA,223,NA,NA,NA,236,NA,NA,NA,NA,248,NA,NA,221,NA,218,214,NA,NA,NA,NA,NA,222,NA,NA,221,220,220,NA,NA,NA,224,224,NA,NA,NA,NA,NA,NA,NA,NA,NA,222,222,NA,NA,222,NA,NA,NA,NA,222,NA,NA,NA,NA,NA,NA,216,NA,NA,NA,221,215,NA,NA,NA,NA,NA,NA,NA,NA,163,81,NA,0,0,0,NA,NA,NA,0,NA,0,0,NA,NA,0,NA,NA,NA,NA,0,NA,NA,NA,NA,NA,0,NA,NA,NA,NA,0,NA,0,NA,0,0,0,0,NA,NA,0,NA,0,NA,0,NA,0,NA,0,0,NA,0,0,NA,0,NA,NA,NA,NA,0,0,NA,NA,NA,NA
182,NA,NA,NA,NA,NA,NA,180,NA,NA,NA,180,NA,180,179,NA,NA,NA,NA,NA,NA,NA,NA,180,NA,182,NA,NA,181,181,NA,NA,NA,180,NA,NA,NA,NA,NA,NA,178,NA,NA,NA,NA,NA,NA,244,NA,NA,NA,NA,NA,NA,185,NA,183,178,NA,NA,NA,NA,NA,NA,NA,183,NA,184,NA,185,183,NA,NA,NA,NA,NA,NA,NA,NA,NA,NA,NA,181,NA,NA,181,181,181,NA,NA,NA,NA,NA,NA,181,181,NA,NA,182,NA,187,NA,NA,NA,186,179,NA,NA,NA,NA,NA,NA,NA,NA,0,NA,NA,NA,0,0,NA,NA,NA,NA,0,0,NA,NA,0,NA,NA,0,0,0,NA,NA,0,0,0,0,NA,0,0,NA,NA,NA,NA,NA,0,NA,NA,0,0,0,NA,NA,NA,0,NA,NA,NA,NA,0,NA,NA,NA,NA,NA,NA,NA,NA,NA,NA,NA,NA
NA,98,98,NA,NA,NA,NA,98,95,NA,NA,NA,NA,NA,90,NA,NA,NA,NA,89,NA,NA,89,NA,NA,92,NA,92,NA,NA,90,89,NA,NA,89,NA,NA,NA,NA,NA,87,89,87,NA,NA,146,NA,241,255,NA,NA,81,NA,NA,NA,97,92,NA,85,NA,NA,NA,94,NA,NA,NA,NA,97,NA,97,NA,92,90,NA,NA,NA,87,NA,89,89,89,NA,NA,NA,NA,NA,89,89,89,89,NA,NA,NA,NA,89,NA,NA,NA,NA,NA,NA,93,92,NA,NA,NA,94,99,NA,NA,NA,NA,NA,NA,NA,0,0,NA,NA,NA,NA,NA,0,0,0,0,NA,NA,NA,NA,NA,NA,NA,NA,NA,NA,0,NA,0,NA,NA,0,NA,NA,NA,NA,NA,NA,NA,NA,0,0,NA,0,NA,NA,NA,0,NA,NA,NA,NA,NA,NA,NA,0,NA,NA,NA,NA,NA,0,0,NA,NA
NA,NA,NA,NA,NA,25,NA,NA,NA,NA,NA,NA,NA,NA,NA,NA,NA,NA,NA,NA,NA,NA,NA,NA,NA,25,NA,NA,38,NA,NA,NA,NA,24,NA,NA,NA,NA,NA,NA,NA,NA,20,NA,23,NA,242,NA,NA,NA,NA,NA,NA,NA,NA,NA,NA,NA,NA,NA,NA,NA,NA,NA,NA,NA,NA,NA,NA,NA,NA,NA,25,24,24,NA,NA,NA,NA,NA,24,NA,24,24,24,24,24,NA,NA,NA,24,24,24,NA,24,NA,NA,NA,32,NA,NA,NA,NA,NA,NA,12,14,NA,NA,NA,NA,0,NA,NA,NA,0,NA,NA,0,0,0,NA,NA,NA,NA,NA,NA,0,NA,NA,NA,0,0,NA,NA,NA,NA,NA,NA,NA,NA,NA,NA,NA,0,0,0,0,0,NA,0,NA,NA,NA,0,0,NA,NA,NA,NA,NA,NA,NA,NA,NA,NA,NA,NA,NA,NA,NA,NA,0,NA,0
NA,NA,NA,58,NA,NA,NA,NA,NA,NA,NA,50,NA,NA,45,NA,51,NA,53,NA,NA,NA,44,44,44,NA,42,NA,NA,NA,NA,NA,NA,NA,NA,NA,NA,NA,NA,NA,NA,NA,NA,NA,NA,NA,NA,255,NA,NA,40,NA,NA,45,50,NA,NA,NA,NA,NA,39,42,NA,NA,NA,NA,NA,NA,NA,54,NA,NA,NA,42,NA,NA,NA,42,NA,NA,42,42,NA,NA,42,NA,42,NA,NA,42,42,NA,NA,NA,NA,45,43,NA,NA,NA,NA,NA,NA,0,NA,NA,NA,5,NA,NA,0,0,NA,0,NA,NA,NA,NA,0,0,0,NA,NA,0,NA,NA,0,0,0,NA,NA,NA,NA,NA,NA,NA,NA,NA,NA,0,0,NA,NA,NA,NA,0,NA,NA,NA,NA,NA,0,0,0,NA,NA,NA,NA,0,NA,NA,NA,0,NA,0,NA,NA,NA,0,NA,NA,NA,NA,NA,0
NA,NA,NA,168,166,167,NA,NA,167,167,NA,166,166,NA,166,NA,NA,166,168,NA,NA,NA,NA,NA,NA,166,165,NA,NA,168,NA,163,NA,NA,NA,172,NA,160,NA,NA,NA,NA,167,NA,156,NA,NA,255,NA,NA,NA,167,167,167,166,NA,164,166,NA,NA,159,NA,NA,NA,NA,NA,NA,NA,NA,NA,NA,167,NA,NA,NA,NA,165,NA,NA,NA,NA,NA,NA,NA,NA,NA,NA,165,NA,NA,NA,NA,NA,NA,NA,160,NA,NA,94,16,0,NA,NA,NA,NA,NA,NA,3,NA,NA,NA,0,0,NA,NA,NA,NA,NA,NA,NA,NA,NA,NA,0,NA,NA,NA,NA,NA,0,NA,NA,0,NA,NA,0,0,NA,0,0,NA,NA,NA,0,NA,NA,NA,NA,0,NA,NA,NA,NA,NA,NA,NA,NA,NA,NA,NA,0,NA,NA,NA,NA,NA,NA,0,NA,NA,NA,NA,0,NA,NA
NA,NA,NA,NA,NA,NA,NA,NA,NA,NA,NA,NA,NA,NA,NA,198,198,NA,198,NA,NA,196,NA,NA,NA,NA,NA,197,NA,NA,198,NA,NA,NA,NA,NA,NA,192,190,NA,NA,200,202,NA,181,NA,254,251,NA,199,NA,NA,195,NA,NA,NA,194,NA,NA,192,189,NA,NA,NA,NA,199,200,NA,201,NA,NA,NA,199,199,NA,197,NA,NA,199,NA,NA,NA,NA,NA,NA,NA,NA,197,197,197,NA,NA,197,NA,NA,NA,199,NA,NA,NA,0,0,NA,NA,6,NA,NA,NA,NA,NA,NA,NA,NA,NA,0,0,0,NA,NA,0,NA,0,NA,NA,NA,0,NA,NA,0,NA,0,0,NA,NA,NA,NA,NA,0,0,NA,0,NA,NA,NA,NA,NA,0,0,NA,0,NA,NA,NA,NA,0,0,NA,NA,0,0,NA,0,0,0,0,NA,NA,NA,0,NA,0,NA,0,0,0
NA,NA,208,NA,NA,NA,211,NA,NA,NA,NA,NA,NA,NA,210,NA,NA,NA,NA,NA,210,NA,208,NA,209,NA,NA,209,210,NA,NA,NA,NA,NA,209,214,NA,NA,NA,NA,201,208,NA,NA,NA,NA,244,245,255,NA,NA,NA,211,NA,NA,NA,210,212,208,NA,201,NA,NA,NA,NA,NA,NA,NA,NA,212,NA,NA,NA,NA,NA,NA,208,208,NA,NA,NA,NA,NA,NA,NA,208,NA,NA,208,NA,NA,NA,NA,NA,NA,209,NA,NA,121,NA,0,0,1,NA,NA,10,NA,NA,NA,NA,NA,NA,NA,NA,NA,0,NA,0,NA,0,NA,NA,NA,NA,NA,NA,NA,NA,0,NA,NA,NA,0,0,0,0,NA,0,0,0,NA,NA,0,0,NA,NA,NA,NA,0,NA,NA,NA,NA,NA,0,NA,0,0,NA,NA,NA,0,NA,NA,NA,0,0,NA,NA,NA,NA,0,NA,0,NA
NA,NA,206,NA,NA,NA,206,NA,NA,NA,NA,NA,NA,NA,NA,NA,NA,NA,NA,NA,NA,NA,206,NA,NA,NA,NA,NA,NA,NA,NA,NA,NA,NA,206,209,NA,NA,NA,NA,NA,202,214,NA,203,255,NA,248,NA,NA,NA,NA,NA,NA,NA,NA,NA,210,NA,NA,NA,NA,NA,NA,206,NA,NA,NA,NA,NA,NA,NA,NA,NA,NA,NA,206,NA,NA,NA,208,208,NA,NA,NA,NA,NA,NA,NA,NA,NA,NA,NA,NA,NA,NA,NA,NA,118,19,NA,NA,NA,NA,NA,NA,NA,NA,NA,0,NA,NA,NA,NA,NA,0,0,NA,NA,NA,0,NA,0,NA,NA,0,0,NA,0,NA,NA,NA,NA,NA,NA,0,0,NA,NA,0,NA,0,0,NA,NA,NA,0,NA,NA,0,0,0,NA,NA,NA,0,NA,NA,NA,NA,NA,NA,0,0,0,NA,NA,0,NA,NA,NA,NA,NA,0,NA
202,NA,202,NA,202,NA,202,NA,NA,NA,202,NA,NA,NA,203,202,202,NA,202,NA,NA,NA,202,202,NA,202,NA,NA,202,NA,NA,201,NA,NA,203,NA,NA,NA,NA,NA,NA,NA,204,NA,NA,255,NA,NA,NA,NA,NA,NA,NA,NA,202,NA,NA,NA,NA,199,NA,NA,NA,NA,NA,NA,NA,NA,205,205,NA,NA,NA,NA,NA,NA,NA,NA,NA,NA,NA,203,NA,NA,203,NA,NA,NA,NA,NA,NA,203,203,NA,NA,196,205,196,116,NA,0,NA,3,0,0,0,1,NA,0,0,NA,NA,NA,0,NA,NA,NA,NA,NA,NA,0,NA,0,NA,NA,NA,NA,NA,NA,0,NA,NA,NA,NA,NA,NA,NA,NA,0,NA,NA,0,NA,NA,NA,NA,NA,NA,NA,NA,NA,NA,NA,NA,NA,0,NA,NA,NA,NA,0,NA,0,0,NA,0,NA,NA,0,0,NA,0,NA,0,NA
NA,202,NA,NA,NA,NA,202,202,202,NA,203,NA,NA,NA,NA,NA,202,NA,NA,NA,202,NA,NA,NA,NA,NA,202,NA,202,NA,NA,NA,NA,NA,NA,NA,NA,NA,NA,NA,NA,NA,NA,191,NA,NA,NA,NA,NA,197,212,NA,193,193,NA,NA,NA,203,202,203,NA,NA,208,201,202,202,203,203,NA,203,NA,202,202,NA,202,NA,202,NA,NA,NA,NA,205,NA,NA,205,NA,205,NA,205,NA,NA,205,NA,205,NA,194,202,196,NA,NA,0,NA,NA,1,NA,0,0,NA,NA,3,NA,NA,NA,0,NA,0,NA,0,NA,0,0,NA,0,0,0,0,NA,NA,NA,NA,NA,NA,NA,NA,0,0,0,0,NA,0,0,NA,NA,NA,0,0,NA,0,NA,NA,NA,NA,NA,NA,NA,NA,0,NA,NA,NA,0,NA,NA,NA,NA,NA,NA,NA,0,NA,0,NA,0,0,NA
205,205,205,NA,205,NA,NA,NA,205,NA,NA,NA,NA,NA,NA,NA,205,205,NA,NA,NA,205,NA,NA,NA,NA,205,205,NA,NA,NA,198,NA,213,210,NA,NA,NA,208,NA,206,NA,NA,182,NA,NA,240,NA,190,NA,NA,208,199,NA,NA,212,NA,NA,NA,NA,NA,NA,205,NA,203,NA,NA,NA,NA,NA,NA,NA,NA,NA,NA,NA,NA,NA,NA,206,NA,NA,206,206,206,206,NA,NA,NA,206,NA,NA,NA,NA,NA,196,NA,NA,NA,NA,NA,NA,NA,3,0,NA,NA,NA,NA,NA,NA,NA,0,0,0,NA,NA,0,NA,NA,NA,0,NA,NA,NA,NA,NA,NA,0,NA,NA,NA,NA,0,NA,NA,NA,NA,NA,NA,NA,NA,0,NA,NA,NA,NA,NA,NA,NA,0,NA,NA,NA,NA,0,NA,0,NA,NA,NA,NA,0,NA,NA,NA,0,NA,0,0,0,NA,NA,NA,NA
NA,205,NA,206,206,NA,206,NA,206,NA,NA,206,NA,206,NA,206,NA,NA,NA,206,NA,206,206,NA,NA,206,NA,206,206,206,206,NA,208,NA,212,NA,202,NA,NA,207,NA,NA,199,NA,NA,NA,NA,NA,NA,NA,209,NA,NA,207,NA,NA,NA,NA,NA,NA,NA,NA,NA,NA,205,NA,NA,NA,208,206,NA,NA,205,NA,NA,NA,NA,208,NA,NA,NA,208,NA,NA,NA,NA,NA,NA,NA,NA,NA,NA,208,NA,NA,201,NA,NA,NA,23,0,NA,NA,NA,NA,NA,NA,NA,NA,0,0,0,0,0,0,NA,NA,0,NA,0,NA,NA,NA,0,NA,NA,NA,NA,NA,0,0,NA,0,NA,0,0,0,NA,NA,NA,NA,NA,NA,0,0,NA,0,NA,NA,0,NA,NA,NA,NA,NA,NA,NA,NA,0,0,NA,NA,0,NA,NA,0,NA,NA,NA,0,NA,0,NA,NA,NA
NA,205,NA,205,205,NA,NA,NA,205,205,NA,NA,NA,NA,NA,205,NA,NA,NA,NA,205,205,NA,205,205,NA,205,NA,NA,205,NA,NA,NA,NA,NA,NA,NA,NA,NA,202,NA,NA,196,203,NA,244,NA,NA,NA,198,208,NA,NA,NA,NA,NA,202,NA,NA,NA,NA,NA,202,203,203,205,NA,206,NA,206,NA,205,NA,NA,NA,NA,NA,NA,208,NA,NA,NA,NA,NA,NA,205,NA,NA,NA,NA,NA,NA,NA,NA,NA,NA,NA,NA,119,23,NA,NA,NA,NA,0,NA,NA,NA,NA,0,NA,NA,NA,0,NA,0,NA,NA,NA,NA,NA,NA,NA,NA,NA,NA,NA,0,NA,NA,NA,0,0,NA,0,0,NA,NA,NA,NA,0,NA,0,NA,0,NA,NA,NA,NA,NA,0,0,NA,NA,0,NA,NA,0,NA,NA,NA,NA,NA,NA,NA,NA,NA,0,NA,NA,NA,0,0,NA,NA
NA,205,NA,205,NA,NA,NA,205,205,NA,205,NA,NA,205,NA,205,205,NA,205,NA,NA,NA,NA,NA,NA,NA,NA,NA,NA,NA,NA,NA,208,NA,NA,201,206,NA,NA,NA,206,NA,NA,NA,NA,NA,NA,NA,NA,204,208,NA,NA,204,NA,NA,203,NA,NA,NA,NA,202,NA,203,NA,203,NA,NA,NA,NA,NA,NA,NA,203,NA,NA,205,NA,206,NA,NA,NA,NA,205,NA,NA,NA,NA,205,NA,205,NA,205,205,205,NA,204,NA,119,NA,NA,0,0,NA,NA,0,NA,NA,6,NA,NA,NA,0,NA,NA,NA,NA,NA,0,NA,NA,NA,NA,0,NA,0,0,NA,NA,NA,NA,0,0,0,NA,0,NA,NA,NA,0,0,0,0,NA,NA,NA,NA,NA,NA,NA,0,NA,0,NA,0,0,NA,NA,NA,NA,NA,0,NA,0,NA,NA,0,NA,NA,0,0,0,NA,NA,NA
205,NA,NA,205,205,NA,NA,NA,NA,NA,NA,205,NA,NA,NA,NA,NA,NA,NA,NA,205,NA,205,205,205,NA,205,NA,205,NA,NA,NA,NA,NA,NA,NA,NA,212,NA,NA,NA,NA,NA,NA,NA,NA,NA,NA,NA,207,NA,NA,199,NA,NA,NA,NA,206,NA,NA,198,202,NA,NA,NA,NA,NA,NA,NA,205,205,NA,NA,NA,NA,205,NA,NA,NA,NA,NA,NA,NA,203,NA,NA,203,203,NA,203,NA,NA,NA,203,NA,NA,NA,NA,NA,NA,NA,NA,NA,0,0,0,0,NA,10,NA,NA,NA,0,NA,NA,NA,NA,NA,NA,0,NA,NA,NA,NA,NA,NA,NA,0,0,0,NA,NA,NA,NA,NA,NA,0,0,0,NA,NA,NA,NA,NA,0,NA,NA,NA,NA,NA,NA,NA,0,0,0,0,0,NA,NA,NA,NA,0,NA,NA,0,NA,NA,NA,NA,0,NA,0,NA,NA,NA
NA,NA,NA,NA,NA,NA,NA,NA,229,NA,229,NA,NA,NA,NA,NA,229,NA,NA,NA,NA,NA,NA,228,NA,NA,227,226,NA,226,NA,224,NA,NA,NA,227,235,NA,218,NA,222,NA,NA,255,255,NA,NA,230,227,NA,NA,NA,NA,NA,NA,NA,NA,NA,NA,226,226,NA,226,NA,NA,NA,NA,NA,232,232,NA,NA,229,NA,NA,NA,NA,NA,NA,NA,NA,NA,NA,NA,NA,NA,227,227,227,227,NA,227,227,NA,227,NA,229,NA,NA,NA,NA,NA,NA,NA,NA,NA,NA,NA,17,NA,0,NA,NA,NA,0,NA,NA,4,NA,NA,NA,NA,4,NA,11,NA,NA,0,NA,NA,NA,0,NA,NA,NA,NA,0,NA,NA,0,NA,NA,NA,NA,0,0,0,NA,0,0,0,NA,NA,NA,NA,0,NA,NA,0,NA,0,NA,NA,NA,0,NA,NA,NA,0,NA,NA,0,NA,0,NA
NA,NA,NA,171,171,171,NA,NA,NA,NA,NA,174,NA,NA,173,NA,NA,NA,NA,NA,NA,NA,NA,NA,NA,NA,NA,NA,NA,NA,169,NA,NA,NA,166,NA,177,NA,NA,161,168,171,NA,255,NA,251,NA,NA,NA,170,170,NA,169,NA,NA,168,NA,NA,NA,170,NA,NA,169,169,170,NA,174,NA,NA,NA,NA,NA,NA,NA,NA,NA,NA,NA,NA,171,171,171,NA,NA,NA,NA,NA,NA,NA,NA,NA,NA,NA,171,171,176,NA,162,NA,NA,0,NA,NA,NA,NA,NA,0,NA,NA,NA,NA,NA,NA,NA,0,NA,0,NA,NA,NA,NA,NA,0,0,NA,NA,NA,NA,0,0,NA,NA,0,NA,NA,NA,NA,NA,0,NA,NA,NA,NA,NA,NA,0,NA,NA,NA,NA,NA,NA,NA,NA,NA,NA,NA,NA,0,0,0,NA,NA,NA,NA,NA,NA,NA,0,NA,NA,0,NA,NA,NA
NA,NA,NA,NA,NA,NA,52,NA,NA,NA,NA,60,NA,NA,57,54,NA,NA,NA,NA,NA,NA,47,49,NA,NA,NA,45,NA,NA,NA,53,NA,NA,NA,NA,NA,NA,NA,NA,NA,NA,NA,NA,NA,NA,NA,NA,NA,NA,44,NA,NA,44,NA,NA,NA,NA,NA,44,NA,41,40,42,NA,NA,NA,NA,56,NA,NA,44,NA,43,NA,41,NA,NA,NA,NA,43,NA,NA,43,NA,NA,NA,NA,43,NA,43,NA,43,43,NA,NA,43,NA,21,0,NA,NA,NA,NA,NA,NA,NA,NA,NA,NA,NA,NA,NA,0,NA,NA,NA,NA,0,NA,NA,0,NA,NA,NA,NA,NA,NA,0,NA,NA,NA,NA,NA,NA,0,NA,0,NA,NA,0,NA,0,0,NA,NA,NA,NA,NA,0,NA,NA,NA,NA,0,0,NA,NA,NA,NA,NA,0,0,NA,0,NA,NA,NA,NA,NA,NA,0,0,0,NA
16,NA,NA,NA,18,NA,29,NA,NA,37,NA,NA,NA,NA,NA,NA,NA,34,NA,35,33,NA,NA,NA,25,NA,NA,NA,24,21,16,NA,NA,11,8,NA,NA,NA,NA,NA,NA,22,NA,NA,NA,NA,108,15,16,NA,17,NA,15,NA,NA,20,NA,NA,NA,NA,NA,NA,NA,NA,NA,NA,NA,NA,NA,29,20,18,NA,15,NA,NA,NA,15,NA,17,17,NA,17,17,17,17,17,NA,NA,17,17,NA,17,NA,NA,NA,NA,17,NA,NA,NA,16,20,18,NA,NA,NA,NA,NA,NA,NA,NA,NA,NA,13,NA,NA,NA,NA,NA,NA,10,NA,NA,NA,NA,NA,0,NA,NA,NA,NA,NA,NA,NA,NA,0,0,NA,0,0,NA,NA,NA,NA,NA,0,NA,NA,NA,NA,NA,NA,0,NA,0,0,NA,NA,0,NA,0,NA,NA,NA,NA,NA,NA,0,NA,NA,NA,NA,NA,NA
NA,NA,NA,NA,NA,NA,82,NA,NA,NA,NA,88,88,87,NA,NA,84,84,83,NA,NA,NA,NA,NA,72,NA,71,NA,NA,NA,NA,NA,NA,NA,NA,71,NA,NA,72,72,75,76,192,NA,NA,250,NA,NA,69,NA,NA,NA,NA,71,NA,NA,NA,71,NA,NA,NA,72,NA,NA,NA,NA,NA,80,84,NA,NA,73,72,NA,NA,NA,NA,NA,NA,NA,NA,NA,70,NA,NA,NA,NA,NA,70,NA,NA,NA,70,NA,NA,60,NA,NA,NA,72,69,NA,NA,NA,72,NA,NA,NA,76,NA,75,73,75,NA,70,NA,NA,75,77,75,71,68,NA,NA,NA,NA,NA,0,NA,NA,NA,NA,0,NA,NA,NA,NA,NA,NA,NA,NA,NA,NA,NA,NA,NA,0,0,NA,0,NA,NA,NA,NA,NA,NA,NA,NA,NA,0,NA,0,NA,NA,0,NA,0,0,NA,NA,NA,NA,NA,NA,NA
NA,NA,NA,NA,NA,NA,183,181,NA,180,181,182,NA,NA,NA,NA,NA,NA,179,NA,NA,NA,NA,NA,177,177,NA,NA,NA,NA,NA,NA,NA,NA,NA,189,NA,NA,NA,NA,NA,NA,NA,255,255,NA,NA,180,178,NA,NA,NA,NA,NA,179,179,NA,NA,NA,NA,NA,NA,180,NA,NA,NA,NA,181,NA,NA,NA,NA,NA,NA,NA,179,NA,NA,NA,179,NA,179,179,NA,NA,NA,NA,NA,179,NA,179,NA,179,NA,NA,NA,NA,NA,NA,NA,NA,178,NA,NA,177,NA,NA,NA,NA,177,NA,NA,NA,NA,177,NA,NA,181,NA,NA,NA,NA,NA,NA,NA,NA,NA,0,NA,NA,NA,NA,NA,NA,NA,NA,0,NA,NA,0,NA,NA,0,0,NA,0,NA,NA,NA,NA,NA,NA,NA,NA,NA,NA,NA,NA,NA,NA,0,0,NA,NA,NA,0,NA,NA,NA,NA,0,NA,0,NA,NA
NA,NA,NA,NA,197,NA,NA,198,NA,200,NA,200,NA,NA,NA,NA,NA,NA,199,NA,200,200,201,NA,199,199,NA,197,198,NA,NA,NA,NA,197,NA,NA,NA,NA,NA,NA,NA,NA,NA,255,NA,NA,NA,200,199,NA,199,200,NA,NA,NA,200,NA,NA,NA,198,198,NA,NA,NA,NA,NA,NA,201,NA,NA,NA,NA,NA,199,NA,198,NA,199,NA,NA,NA,199,NA,NA,NA,199,NA,NA,NA,NA,199,NA,199,NA,NA,NA,205,NA,NA,NA,NA,199,196,198,NA,205,203,NA,NA,NA,NA,NA,199,201,NA,NA,NA,NA,NA,NA,NA,NA,NA,NA,194,NA,NA,NA,0,0,NA,NA,NA,NA,NA,0,NA,0,NA,NA,NA,0,NA,NA,NA,0,NA,NA,0,NA,NA,NA,NA,NA,NA,0,NA,NA,NA,0,NA,NA,NA,NA,NA,NA,NA,NA,NA,NA,NA,NA,0,NA,NA
204,NA,202,NA,NA,203,NA,NA,NA,NA,NA,205,NA,205,206,NA,NA,205,NA,205,202,NA,NA,NA,NA,NA,NA,NA,NA,203,NA,NA,NA,205,NA,NA,210,NA,NA,NA,NA,199,NA,NA,255,NA,NA,202,202,NA,204,NA,NA,NA,NA,NA,NA,NA,204,204,203,203,NA,NA,NA,203,NA,NA,NA,NA,205,206,204,NA,204,NA,NA,206,NA,NA,204,204,204,NA,NA,204,204,204,NA,204,NA,NA,204,NA,NA,NA,204,203,NA,NA,NA,NA,NA,208,NA,NA,213,NA,NA,NA,202,NA,NA,NA,NA,NA,NA,NA,209,206,NA,NA,NA,NA,NA,187,127,NA,NA,0,NA,NA,0,NA,NA,NA,0,NA,NA,NA,NA,NA,NA,0,NA,NA,NA,NA,0,NA,NA,0,0,0,NA,NA,NA,NA,NA,0,NA,NA,NA,NA,NA,NA,0,NA,NA,NA,NA,NA,NA,NA,NA
NA,NA,206,206,NA,NA,NA,NA,NA,NA,NA,206,NA,NA,NA,206,206,206,NA,206,NA,NA,206,206,NA,NA,NA,NA,NA,205,205,205,NA,NA,NA,NA,199,199,NA,NA,NA,NA,253,NA,NA,228,193,205,NA,NA,205,NA,205,NA,NA,NA,NA,NA,NA,NA,NA,NA,205,NA,NA,NA,NA,NA,NA,NA,NA,206,206,205,205,205,NA,NA,206,206,206,NA,NA,206,206,206,NA,206,NA,NA,206,206,206,NA,NA,NA,NA,NA,NA,209,NA,210,NA,208,213,NA,NA,NA,NA,202,NA,NA,NA,203,203,NA,NA,205,NA,NA,NA,NA,203,NA,NA,NA,NA,NA,NA,0,0,NA,NA,0,NA,NA,NA,0,NA,NA,NA,NA,NA,NA,NA,0,0,NA,NA,NA,NA,NA,NA,NA,NA,NA,NA,NA,0,NA,NA,NA,NA,0,NA,NA,NA,0,0,NA,NA,NA,NA,NA,NA
NA,NA,NA,NA,NA,NA,NA,208,208,NA,NA,208,208,208,NA,208,NA,NA,NA,NA,NA,NA,NA,NA,NA,NA,NA,208,208,NA,NA,NA,NA,NA,NA,NA,NA,NA,NA,NA,NA,238,NA,248,NA,NA,NA,208,NA,NA,208,208,NA,NA,NA,208,NA,NA,NA,NA,NA,NA,NA,NA,NA,208,209,NA,NA,209,NA,NA,208,NA,206,NA,208,NA,209,NA,208,208,NA,NA,208,NA,NA,NA,NA,NA,NA,NA,NA,208,208,NA,NA,NA,NA,NA,213,209,NA,NA,205,NA,NA,NA,NA,NA,NA,NA,NA,NA,205,NA,NA,NA,NA,205,NA,201,204,NA,194,NA,119,NA,NA,NA,NA,NA,NA,NA,NA,NA,NA,NA,NA,NA,0,0,NA,NA,NA,0,NA,NA,NA,NA,0,NA,0,0,NA,NA,NA,NA,NA,0,0,0,NA,NA,NA,0,NA,NA,0,NA,0,NA,NA,NA,0
NA,205,NA,206,NA,NA,NA,205,NA,205,205,206,NA,NA,205,205,205,NA,NA,NA,205,205,205,NA,205,205,205,NA,205,205,NA,203,205,NA,209,NA,202,NA,NA,NA,NA,NA,NA,247,255,NA,NA,NA,205,NA,205,NA,NA,NA,NA,NA,205,NA,NA,205,NA,NA,NA,NA,NA,206,206,NA,NA,208,NA,206,NA,NA,NA,NA,NA,NA,NA,NA,NA,205,NA,NA,NA,NA,205,NA,205,NA,NA,205,NA,NA,NA,NA,NA,NA,203,208,NA,202,NA,NA,NA,202,NA,NA,199,NA,NA,NA,NA,NA,209,206,NA,208,NA,NA,NA,205,NA,NA,NA,182,NA,NA,NA,NA,NA,NA,NA,0,NA,NA,NA,NA,NA,NA,NA,NA,0,0,NA,NA,NA,NA,0,NA,NA,NA,NA,0,NA,NA,0,0,0,NA,NA,NA,0,0,NA,NA,NA,NA,0,NA,0,0,NA,NA,NA
NA,NA,NA,NA,NA,203,NA,NA,203,NA,NA,NA,203,NA,NA,NA,203,NA,NA,NA,NA,NA,NA,NA,203,NA,NA,NA,NA,NA,203,206,NA,209,NA,NA,NA,206,NA,NA,NA,255,245,NA,255,NA,NA,NA,203,NA,203,NA,NA,NA,NA,NA,NA,203,203,203,203,NA,NA,NA,202,NA,203,205,NA,205,NA,NA,NA,202,NA,NA,NA,NA,NA,203,NA,NA,NA,NA,NA,NA,NA,203,NA,NA,NA,203,203,NA,203,NA,NA,201,201,203,203,199,NA,NA,NA,202,202,NA,NA,NA,210,205,NA,210,210,208,NA,209,NA,209,NA,207,NA,NA,NA,NA,122,NA,NA,NA,NA,0,NA,NA,NA,NA,0,NA,0,NA,NA,NA,NA,NA,NA,NA,NA,NA,0,NA,NA,NA,NA,NA,NA,NA,0,NA,NA,NA,0,0,NA,NA,NA,NA,NA,NA,NA,NA,NA,NA,NA,0,NA
NA,NA,NA,NA,NA,205,NA,205,NA,NA,203,203,NA,NA,203,203,NA,203,NA,203,NA,205,NA,205,NA,NA,NA,205,205,205,205,NA,NA,NA,NA,212,208,203,NA,189,237,NA,NA,NA,223,NA,220,NA,NA,NA,205,NA,205,NA,205,NA,NA,NA,NA,NA,205,NA,205,NA,203,NA,NA,206,NA,NA,NA,NA,NA,203,203,NA,NA,206,206,205,NA,205,NA,NA,205,NA,205,NA,205,NA,NA,NA,205,NA,205,NA,NA,NA,NA,NA,NA,201,199,NA,NA,NA,208,NA,NA,NA,NA,202,NA,NA,NA,NA,NA,NA,NA,205,206,205,NA,NA,NA,180,NA,NA,0,0,NA,NA,NA,NA,0,0,NA,NA,NA,NA,NA,NA,NA,0,NA,NA,0,NA,NA,NA,NA,0,NA,NA,NA,NA,NA,NA,NA,0,0,NA,NA,0,0,NA,NA,0,NA,NA,NA,NA,NA,0,NA
NA,NA,208,NA,NA,NA,NA,NA,NA,NA,206,NA,NA,206,206,NA,206,NA,NA,NA,206,206,NA,208,NA,NA,NA,NA,NA,208,NA,NA,NA,NA,NA,NA,NA,NA,NA,178,253,NA,NA,NA,NA,199,NA,NA,208,NA,NA,NA,NA,NA,208,NA,NA,208,NA,208,NA,NA,NA,NA,NA,NA,NA,208,209,NA,NA,NA,NA,NA,206,206,NA,NA,NA,NA,NA,NA,NA,NA,NA,208,NA,208,NA,NA,NA,NA,NA,208,208,NA,202,NA,NA,NA,NA,206,NA,NA,210,NA,NA,209,NA,208,NA,NA,NA,NA,206,NA,201,NA,202,202,203,NA,209,NA,NA,178,NA,0,NA,0,NA,NA,NA,0,NA,0,NA,NA,0,0,NA,0,0,NA,NA,0,NA,0,0,NA,0,0,NA,0,0,NA,NA,0,0,NA,NA,NA,NA,NA,NA,NA,NA,NA,NA,NA,NA,NA,NA,0,NA
NA,NA,NA,206,NA,NA,NA,NA,NA,NA,NA,NA,205,NA,NA,NA,205,NA,NA,205,206,NA,206,NA,NA,NA,NA,NA,NA,NA,NA,NA,NA,NA,NA,NA,NA,NA,NA,NA,NA,NA,255,NA,NA,NA,NA,NA,NA,206,206,206,206,NA,NA,NA,206,NA,206,NA,NA,NA,206,205,NA,NA,NA,NA,NA,206,206,205,NA,205,NA,NA,206,NA,NA,206,NA,206,NA,206,NA,NA,206,206,NA,NA,NA,NA,206,NA,NA,NA,NA,205,NA,NA,209,208,208,NA,NA,206,206,NA,205,206,206,NA,203,NA,206,203,NA,NA,NA,202,203,NA,NA,NA,NA,NA,NA,NA,0,NA,NA,NA,0,NA,NA,NA,0,NA,0,NA,NA,NA,NA,NA,0,NA,NA,NA,NA,NA,0,NA,0,NA,NA,NA,0,NA,NA,NA,0,NA,NA,NA,0,NA,NA,0,NA,0,NA,0,0,NA,0
NA,NA,NA,202,NA,NA,NA,NA,NA,NA,NA,NA,NA,NA,NA,202,202,NA,202,NA,202,202,NA,NA,NA,202,NA,NA,202,NA,NA,198,NA,NA,NA,NA,203,NA,201,NA,NA,255,255,NA,170,NA,NA,202,NA,202,202,NA,202,202,202,NA,202,NA,202,NA,202,NA,NA,NA,NA,NA,202,NA,203,203,202,NA,201,NA,NA,NA,203,NA,NA,NA,202,202,NA,202,NA,202,NA,NA,NA,NA,NA,NA,NA,NA,NA,NA,NA,NA,NA,210,NA,NA,205,NA,201,199,NA,201,NA,203,NA,NA,206,NA,NA,NA,NA,203,NA,NA,206,NA,NA,209,199,NA,NA,NA,0,NA,NA,NA,NA,NA,NA,NA,NA,NA,0,NA,NA,NA,NA,0,NA,NA,0,NA,NA,0,0,NA,NA,NA,NA,NA,NA,NA,NA,NA,0,NA,NA,0,NA,0,0,NA,NA,NA,0,NA,0,NA,NA
NA,215,NA,217,216,215,215,NA,NA,NA,NA,215,NA,213,NA,NA,NA,NA,NA,NA,NA,213,NA,NA,NA,NA,NA,213,NA,212,NA,NA,NA,NA,NA,NA,NA,NA,191,NA,NA,NA,NA,NA,NA,NA,NA,NA,NA,NA,NA,NA,NA,NA,216,NA,NA,215,NA,NA,NA,NA,NA,210,NA,NA,NA,NA,221,221,NA,219,NA,NA,NA,NA,212,NA,NA,NA,NA,216,216,216,216,NA,NA,NA,NA,216,216,NA,NA,216,NA,213,NA,NA,215,215,215,NA,NA,NA,NA,216,216,NA,NA,NA,217,215,215,NA,NA,NA,NA,217,217,NA,NA,214,NA,207,207,NA,153,6,3,NA,0,NA,4,NA,NA,NA,NA,NA,NA,NA,NA,NA,NA,NA,NA,NA,NA,NA,0,NA,NA,NA,NA,NA,0,0,NA,NA,NA,3,NA,NA,NA,NA,3,6,4,NA,0,NA,0,0,0,NA,NA
NA,NA,NA,146,145,NA,145,NA,NA,NA,NA,NA,NA,NA,NA,142,NA,NA,142,NA,NA,140,NA,141,NA,NA,NA,NA,NA,NA,140,NA,NA,139,NA,148,148,NA,NA,NA,255,255,255,NA,NA,NA,NA,143,142,141,142,NA,NA,NA,143,141,NA,NA,NA,NA,141,NA,NA,NA,NA,142,NA,NA,NA,NA,NA,NA,NA,140,138,138,NA,NA,NA,141,141,NA,NA,NA,141,NA,141,NA,141,NA,NA,NA,NA,NA,NA,141,141,NA,NA,141,141,NA,NA,NA,NA,NA,NA,NA,NA,NA,NA,NA,141,NA,141,142,NA,NA,NA,145,147,NA,NA,NA,NA,NA,NA,NA,0,NA,0,NA,NA,2,NA,0,NA,0,2,5,NA,NA,0,NA,0,NA,NA,NA,0,NA,0,NA,0,NA,NA,NA,NA,0,NA,NA,NA,NA,NA,NA,0,NA,NA,NA,0,0,NA,NA,0,NA,NA
NA,NA,NA,NA,38,NA,NA,32,31,NA,31,NA,29,28,NA,NA,NA,NA,NA,NA,NA,NA,18,NA,NA,NA,15,NA,NA,15,NA,NA,NA,NA,NA,NA,17,15,NA,NA,NA,NA,NA,NA,NA,8,NA,NA,13,NA,NA,NA,NA,13,14,NA,18,NA,NA,NA,NA,19,NA,19,NA,18,NA,NA,NA,29,22,NA,NA,NA,NA,13,NA,NA,14,NA,NA,13,NA,NA,NA,NA,NA,NA,NA,13,NA,NA,NA,13,NA,14,NA,NA,NA,NA,NA,NA,NA,NA,14,NA,14,NA,NA,NA,NA,NA,14,NA,NA,NA,NA,NA,15,15,NA,NA,11,10,NA,NA,NA,0,NA,NA,NA,0,NA,NA,NA,0,NA,NA,NA,NA,NA,0,NA,NA,NA,NA,NA,NA,NA,NA,NA,0,0,0,NA,NA,NA,NA,NA,NA,NA,0,NA,NA,NA,NA,0,0,NA,0,3,NA,0,NA,6
NA,NA,NA,NA,16,NA,16,NA,NA,NA,NA,13,13,NA,NA,NA,NA,NA,NA,6,NA,NA,NA,7,NA,NA,7,NA,NA,NA,5,6,8,15,NA,NA,3,NA,NA,NA,246,NA,220,NA,4,NA,13,NA,NA,NA,NA,NA,NA,NA,NA,4,NA,2,NA,NA,NA,NA,NA,NA,9,9,NA,NA,23,NA,10,NA,7,5,NA,NA,5,NA,7,NA,NA,NA,NA,NA,NA,NA,NA,NA,NA,NA,2,2,NA,2,2,NA,4,NA,4,NA,NA,NA,NA,NA,NA,NA,1,1,NA,NA,NA,NA,NA,2,2,2,NA,4,NA,NA,NA,NA,0,NA,NA,NA,0,10,8,7,NA,10,NA,NA,NA,3,NA,NA,NA,NA,NA,6,1,NA,11,11,NA,NA,NA,NA,NA,NA,NA,NA,11,NA,11,11,NA,NA,NA,NA,NA,NA,6,NA,NA,17,16,NA,NA,NA,4,NA,NA
NA,78,NA,NA,77,NA,NA,73,71,71,NA,NA,71,NA,69,66,NA,68,NA,NA,NA,NA,NA,NA,64,64,64,NA,NA,NA,NA,65,68,71,NA,NA,NA,NA,NA,NA,NA,NA,NA,NA,NA,74,NA,NA,NA,NA,NA,NA,NA,64,65,NA,NA,NA,NA,NA,NA,61,NA,NA,NA,NA,NA,75,80,NA,69,NA,NA,NA,NA,NA,NA,NA,NA,62,NA,NA,62,62,NA,62,NA,NA,NA,NA,NA,62,NA,NA,NA,NA,64,NA,64,NA,NA,NA,NA,NA,NA,NA,NA,NA,60,NA,NA,NA,62,NA,NA,NA,NA,62,NA,64,NA,62,60,NA,NA,NA,NA,NA,NA,67,NA,68,NA,67,NA,60,NA,NA,68,NA,NA,NA,NA,NA,NA,67,NA,NA,NA,NA,NA,67,NA,NA,NA,NA,67,NA,67,NA,NA,NA,68,NA,NA,57,NA,NA,NA,NA,0,0,NA,NA,NA
182,NA,180,181,181,NA,NA,NA,181,NA,NA,NA,NA,NA,NA,NA,NA,NA,NA,181,NA,NA,181,181,NA,NA,NA,NA,181,NA,181,177,NA,NA,NA,NA,NA,188,185,NA,255,250,NA,186,177,NA,NA,NA,NA,NA,182,NA,NA,NA,NA,NA,NA,NA,NA,NA,NA,182,NA,NA,NA,NA,NA,NA,NA,NA,NA,185,NA,NA,NA,182,184,NA,187,NA,182,NA,NA,NA,NA,182,NA,NA,182,NA,NA,NA,182,NA,NA,NA,NA,NA,185,NA,NA,185,NA,NA,NA,NA,NA,NA,182,NA,182,NA,185,185,NA,NA,NA,NA,NA,NA,NA,NA,NA,NA,NA,186,182,181,NA,NA,NA,NA,185,NA,177,NA,175,180,NA,NA,NA,NA,173,NA,180,NA,NA,NA,NA,NA,180,NA,180,NA,NA,NA,NA,NA,180,188,178,NA,NA,177,170,NA,NA,NA,NA,NA,NA,NA,NA,NA,2
NA,NA,201,203,203,NA,NA,NA,NA,202,NA,NA,NA,NA,NA,201,202,NA,202,NA,NA,202,NA,202,NA,NA,NA,NA,NA,202,NA,NA,NA,NA,NA,197,202,NA,NA,NA,255,NA,255,248,NA,NA,NA,NA,NA,204,NA,NA,206,NA,206,NA,NA,NA,NA,NA,NA,206,NA,NA,NA,206,NA,NA,NA,NA,NA,NA,NA,NA,202,NA,NA,NA,NA,NA,NA,NA,NA,NA,205,NA,NA,NA,205,NA,205,NA,NA,NA,NA,NA,NA,NA,NA,NA,NA,NA,206,206,NA,NA,NA,NA,NA,NA,206,NA,NA,NA,NA,NA,NA,NA,206,NA,NA,209,NA,NA,NA,NA,NA,205,NA,NA,NA,NA,210,NA,202,NA,203,NA,210,212,209,203,NA,203,203,NA,NA,203,NA,NA,NA,NA,NA,NA,203,NA,NA,NA,NA,201,NA,192,199,NA,NA,198,NA,NA,NA,NA,NA,NA,5,NA,NA
NA,NA,NA,201,NA,NA,NA,NA,NA,NA,NA,NA,NA,199,NA,201,201,201,201,NA,201,NA,198,NA,NA,199,NA,NA,NA,NA,199,NA,NA,NA,NA,NA,NA,NA,NA,NA,NA,255,NA,255,NA,NA,NA,NA,NA,NA,203,203,203,NA,NA,NA,NA,203,NA,NA,NA,201,201,NA,NA,NA,NA,NA,202,NA,202,198,NA,NA,196,NA,NA,202,202,202,NA,NA,202,NA,202,202,NA,NA,NA,202,NA,202,NA,202,NA,NA,NA,NA,NA,NA,NA,NA,199,NA,NA,NA,199,NA,NA,NA,NA,202,NA,NA,NA,NA,NA,198,NA,197,NA,NA,201,NA,202,NA,203,NA,NA,NA,208,208,NA,NA,NA,198,NA,NA,NA,208,206,NA,NA,202,NA,202,NA,NA,NA,NA,NA,NA,NA,NA,NA,202,202,NA,202,196,NA,NA,NA,NA,199,199,210,NA,NA,NA,NA,NA,7,NA,0
NA,202,202,NA,NA,NA,NA,NA,NA,202,NA,200,200,NA,NA,NA,NA,NA,203,NA,NA,203,201,NA,NA,NA,NA,NA,200,NA,202,NA,NA,197,NA,NA,192,194,NA,NA,255,255,NA,NA,203,NA,NA,201,NA,NA,201,NA,NA,NA,201,203,NA,NA,NA,200,NA,NA,NA,194,NA,197,NA,NA,202,NA,NA,198,196,NA,NA,NA,NA,201,NA,NA,NA,NA,NA,NA,NA,NA,NA,201,201,NA,NA,NA,NA,NA,201,NA,NA,NA,194,NA,NA,196,NA,NA,NA,NA,NA,NA,199,NA,NA,NA,NA,NA,NA,195,NA,195,195,196,NA,NA,199,NA,NA,NA,NA,NA,NA,199,201,NA,NA,NA,NA,193,198,NA,NA,201,NA,195,NA,NA,NA,199,199,NA,199,NA,199,NA,199,199,NA,199,NA,NA,NA,NA,196,NA,209,209,NA,195,NA,NA,183,NA,NA,NA,NA,NA,0
NA,216,NA,NA,214,NA,NA,NA,214,NA,212,NA,NA,NA,NA,NA,215,NA,NA,214,213,NA,NA,NA,212,212,213,213,NA,NA,NA,NA,NA,207,NA,NA,NA,NA,NA,NA,NA,255,NA,NA,248,NA,222,211,212,NA,209,NA,NA,210,NA,NA,NA,NA,NA,211,NA,NA,211,NA,211,209,NA,214,NA,215,NA,210,NA,NA,NA,NA,NA,212,NA,NA,212,NA,NA,NA,NA,212,NA,212,NA,212,212,NA,NA,NA,212,NA,NA,NA,NA,209,209,NA,NA,NA,NA,NA,215,NA,216,NA,216,NA,NA,NA,NA,NA,NA,210,NA,NA,215,215,216,216,NA,216,NA,NA,208,NA,NA,NA,210,209,NA,NA,NA,NA,NA,NA,NA,211,212,NA,NA,NA,213,NA,213,NA,NA,NA,NA,NA,NA,NA,NA,213,NA,NA,214,214,NA,NA,212,NA,216,NA,194,71,0,0,NA,14,NA
NA,NA,NA,NA,207,NA,NA,207,NA,208,NA,NA,208,NA,208,206,NA,207,NA,NA,NA,210,206,208,NA,NA,207,207,207,NA,NA,207,NA,NA,NA,215,NA,NA,NA,NA,NA,NA,NA,NA,255,NA,205,NA,NA,NA,NA,NA,206,NA,206,NA,205,NA,NA,NA,NA,NA,NA,NA,206,NA,NA,NA,NA,NA,NA,NA,206,NA,NA,206,208,NA,NA,206,NA,NA,206,206,206,NA,206,NA,206,206,206,NA,206,206,206,NA,NA,211,NA,213,211,215,NA,NA,216,NA,NA,NA,219,NA,NA,NA,218,NA,215,NA,NA,NA,215,NA,216,NA,NA,219,NA,NA,NA,NA,NA,218,218,NA,215,NA,NA,NA,NA,NA,220,216,NA,217,224,NA,219,NA,219,NA,NA,NA,219,NA,NA,NA,NA,219,NA,NA,NA,NA,216,213,NA,NA,NA,NA,NA,NA,NA,73,1,NA,NA,NA,1
NA,NA,NA,NA,NA,NA,NA,NA,NA,144,NA,NA,142,NA,NA,NA,NA,NA,NA,NA,142,NA,NA,NA,NA,NA,NA,NA,142,NA,NA,NA,145,149,154,156,NA,NA,156,152,127,NA,NA,NA,NA,NA,NA,NA,NA,NA,141,141,NA,140,NA,NA,NA,139,NA,NA,NA,NA,NA,NA,147,NA,NA,NA,NA,153,147,NA,NA,NA,NA,144,NA,147,NA,NA,NA,NA,NA,NA,NA,143,NA,143,NA,143,143,143,NA,NA,NA,NA,NA,NA,NA,153,152,NA,NA,NA,177,NA,NA,178,NA,180,NA,NA,178,NA,NA,NA,NA,NA,175,177,NA,NA,178,NA,NA,NA,NA,NA,NA,182,NA,NA,NA,180,NA,187,NA,181,181,175,177,NA,NA,NA,NA,181,NA,NA,181,181,NA,NA,NA,NA,NA,NA,181,NA,181,NA,NA,NA,NA,NA,NA,NA,187,178,151,NA,NA,NA,NA,1,NA
40,NA,39,NA,38,38,NA,NA,NA,NA,NA,23,28,NA,NA,25,NA,NA,NA,23,NA,NA,NA,NA,NA,NA,NA,24,23,NA,NA,NA,30,NA,NA,NA,NA,NA,28,NA,NA,NA,NA,NA,NA,169,29,NA,24,NA,NA,NA,NA,18,18,26,21,NA,NA,NA,NA,NA,NA,26,NA,NA,35,NA,NA,38,NA,24,NA,NA,NA,NA,21,21,21,NA,NA,NA,18,18,NA,NA,18,NA,NA,NA,NA,NA,NA,NA,NA,NA,20,NA,NA,NA,NA,NA,NA,NA,25,25,NA,NA,NA,NA,26,NA,NA,25,25,NA,23,NA,23,25,NA,NA,NA,NA,NA,25,NA,30,NA,NA,NA,NA,NA,NA,30,NA,NA,28,NA,15,NA,NA,NA,NA,NA,26,NA,NA,NA,26,NA,NA,26,NA,26,NA,NA,NA,NA,25,NA,NA,NA,NA,NA,NA,34,NA,NA,NA,NA,1,NA,0,0
20,NA,NA,NA,18,18,NA,NA,17,19,11,2,NA,19,NA,NA,NA,NA,NA,NA,3,NA,NA,NA,10,NA,12,5,NA,NA,16,18,NA,NA,NA,NA,NA,NA,NA,NA,NA,NA,NA,255,NA,NA,35,NA,NA,0,NA,NA,NA,NA,NA,1,0,NA,NA,NA,NA,2,NA,NA,NA,NA,NA,NA,NA,NA,4,2,NA,NA,0,NA,NA,NA,NA,NA,NA,NA,0,NA,NA,NA,NA,NA,NA,NA,0,0,NA,NA,NA,NA,NA,0,NA,NA,NA,0,0,NA,0,NA,0,0,NA,0,0,0,0,NA,NA,NA,NA,NA,0,NA,NA,NA,NA,NA,NA,NA,NA,0,NA,NA,NA,0,0,NA,0,NA,NA,NA,NA,NA,NA,0,NA,NA,NA,NA,NA,0,NA,NA,0,NA,NA,NA,0,NA,0,0,NA,NA,NA,NA,0,NA,NA,NA,NA,NA,NA,NA,NA,0,NA,NA,NA
NA,NA,NA,NA,NA,NA,NA,NA,NA,NA,NA,NA,NA,NA,NA,NA,NA,NA,NA,NA,38,NA,NA,39,NA,43,40,36,NA,NA,NA,NA,NA,41,NA,41,NA,46,NA,NA,NA,51,NA,NA,NA,NA,NA,NA,NA,NA,27,NA,NA,30,30,NA,NA,NA,NA,NA,NA,NA,NA,NA,NA,NA,41,NA,NA,NA,NA,29,NA,NA,NA,NA,NA,NA,24,NA,NA,NA,NA,25,NA,25,NA,NA,NA,25,25,NA,NA,NA,25,22,NA,NA,NA,NA,NA,NA,NA,NA,NA,NA,NA,NA,NA,NA,NA,25,NA,NA,23,NA,NA,NA,23,NA,NA,NA,25,23,22,NA,NA,NA,NA,NA,NA,NA,15,18,NA,NA,21,13,NA,NA,NA,11,NA,NA,NA,NA,22,22,22,NA,22,NA,NA,NA,NA,22,NA,NA,NA,NA,NA,NA,28,NA,1,NA,0,47,62,NA,NA,NA,NA,NA,NA
166,166,NA,166,166,166,166,167,167,NA,165,NA,NA,NA,163,NA,NA,163,NA,166,NA,162,NA,NA,NA,NA,NA,163,NA,NA,NA,NA,164,NA,NA,NA,NA,NA,165,NA,171,NA,NA,NA,NA,NA,NA,NA,NA,NA,NA,NA,NA,NA,NA,NA,NA,137,NA,NA,135,136,NA,NA,NA,135,NA,144,NA,NA,141,140,NA,NA,NA,NA,NA,132,NA,NA,137,NA,137,NA,137,NA,NA,NA,137,137,137,137,NA,NA,137,142,141,139,NA,NA,NA,NA,NA,NA,NA,137,NA,NA,NA,NA,NA,139,139,NA,NA,NA,137,NA,139,NA,140,140,139,NA,NA,NA,NA,144,143,NA,NA,NA,NA,NA,140,NA,NA,NA,73,NA,64,123,NA,140,140,140,NA,140,NA,NA,140,NA,NA,NA,NA,140,NA,NA,NA,NA,NA,NA,NA,150,NA,9,NA,NA,NA,82,NA,NA,4,NA,0
NA,NA,NA,210,211,NA,NA,NA,NA,NA,210,210,NA,210,209,NA,NA,215,NA,214,NA,NA,215,NA,214,NA,216,NA,215,NA,NA,NA,NA,NA,NA,NA,NA,NA,NA,211,NA,NA,NA,NA,NA,NA,247,NA,NA,NA,214,NA,NA,210,NA,212,NA,NA,NA,NA,199,NA,NA,NA,NA,NA,NA,216,NA,NA,215,NA,213,212,212,NA,NA,212,NA,NA,NA,NA,NA,NA,NA,NA,NA,NA,NA,NA,212,NA,NA,212,NA,NA,NA,212,NA,NA,NA,NA,212,NA,NA,NA,NA,NA,212,212,NA,210,NA,NA,NA,NA,NA,NA,210,210,NA,NA,NA,NA,NA,NA,NA,223,216,NA,NA,NA,NA,NA,NA,NA,NA,NA,88,NA,NA,174,NA,NA,212,NA,NA,NA,NA,NA,NA,NA,NA,NA,212,212,NA,NA,NA,NA,NA,201,NA,NA,155,NA,NA,153,NA,76,NA,0,NA,NA,0
191,191,NA,NA,192,192,NA,NA,NA,192,NA,NA,192,192,NA,193,193,194,NA,NA,NA,NA,196,195,NA,194,NA,NA,194,194,194,NA,NA,NA,NA,NA,NA,NA,NA,NA,NA,196,NA,NA,250,NA,255,NA,NA,NA,191,188,NA,196,195,NA,NA,199,NA,190,NA,192,NA,NA,195,NA,NA,197,NA,NA,196,196,NA,NA,NA,194,194,194,NA,NA,NA,NA,194,NA,NA,194,194,194,NA,194,194,NA,NA,194,NA,NA,194,NA,NA,NA,NA,194,NA,194,NA,NA,NA,NA,NA,194,NA,NA,NA,NA,NA,NA,192,NA,194,NA,194,NA,NA,194,194,NA,NA,NA,196,NA,192,192,NA,NA,NA,NA,186,NA,NA,NA,NA,NA,204,NA,NA,NA,NA,NA,196,NA,NA,196,NA,NA,NA,NA,NA,NA,NA,202,NA,NA,210,NA,NA,NA,29,NA,196,NA,0,0,NA,12,0
157,NA,NA,NA,NA,157,NA,NA,157,NA,NA,NA,NA,155,NA,153,153,NA,155,NA,NA,NA,NA,NA,NA,NA,NA,NA,153,NA,NA,NA,NA,161,161,NA,NA,NA,152,NA,155,157,NA,NA,255,NA,NA,245,NA,NA,NA,147,NA,NA,NA,NA,154,NA,159,NA,NA,159,NA,152,NA,NA,NA,NA,NA,NA,NA,NA,NA,155,NA,NA,NA,NA,155,NA,NA,155,155,NA,155,NA,NA,NA,NA,NA,155,NA,155,155,NA,155,NA,NA,155,NA,NA,155,155,NA,NA,NA,155,155,NA,NA,NA,155,NA,155,NA,NA,NA,NA,NA,155,155,NA,NA,NA,NA,NA,155,NA,NA,NA,NA,NA,NA,NA,NA,NA,NA,NA,NA,NA,NA,NA,NA,158,NA,NA,158,NA,NA,158,NA,NA,NA,158,NA,NA,158,NA,NA,NA,NA,NA,NA,NA,83,NA,39,NA,196,NA,4,NA,NA,NA,NA
81,NA,80,NA,NA,NA,NA,80,NA,81,NA,NA,NA,NA,NA,NA,NA,78,NA,77,NA,NA,NA,74,NA,NA,66,64,NA,NA,62,NA,NA,NA,NA,NA,NA,80,NA,NA,NA,80,77,NA,255,NA,251,255,NA,69,NA,66,NA,NA,NA,NA,63,NA,NA,NA,62,68,NA,NA,NA,NA,79,NA,74,NA,NA,NA,NA,NA,NA,60,NA,NA,61,NA,NA,NA,NA,61,NA,61,NA,61,NA,NA,NA,61,61,NA,61,NA,61,NA,61,NA,NA,NA,NA,61,NA,NA,NA,NA,NA,NA,61,NA,62,NA,NA,NA,62,NA,NA,NA,NA,61,61,61,NA,NA,61,NA,NA,NA,67,62,NA,NA,NA,NA,NA,NA,NA,NA,NA,NA,NA,60,NA,NA,NA,NA,NA,60,60,NA,60,NA,NA,NA,NA,60,60,NA,NA,NA,NA,NA,NA,NA,NA,NA,NA,NA,NA,NA,11,NA,NA
NA,NA,89,88,NA,NA,NA,NA,NA,NA,NA,NA,83,NA,NA,NA,NA,NA,NA,NA,81,79,NA,NA,83,NA,NA,76,NA,NA,NA,NA,NA,88,NA,NA,NA,NA,NA,NA,NA,NA,NA,NA,237,NA,240,NA,NA,60,53,51,50,56,NA,53,NA,NA,NA,NA,49,NA,NA,NA,NA,68,NA,NA,NA,NA,NA,NA,51,NA,NA,NA,NA,NA,NA,NA,NA,50,NA,NA,NA,NA,NA,NA,NA,NA,NA,NA,50,50,50,50,NA,NA,NA,NA,NA,NA,NA,NA,NA,NA,NA,50,50,NA,NA,NA,51,51,NA,NA,NA,NA,51,NA,NA,51,NA,NA,NA,NA,50,NA,NA,50,NA,57,NA,NA,NA,NA,NA,47,NA,NA,NA,38,NA,NA,46,NA,NA,NA,NA,46,NA,46,NA,NA,46,NA,NA,NA,NA,NA,NA,NA,NA,NA,NA,NA,NA,156,NA,NA,NA,NA,NA,7,0
NA,177,NA,176,NA,NA,176,NA,NA,NA,NA,NA,174,175,NA,NA,NA,NA,NA,NA,NA,NA,NA,NA,172,NA,NA,NA,NA,174,173,NA,NA,NA,NA,170,NA,NA,177,NA,NA,NA,NA,NA,NA,NA,NA,NA,NA,157,173,168,NA,NA,NA,169,166,163,NA,162,NA,NA,NA,163,NA,NA,NA,NA,NA,NA,166,NA,167,NA,NA,166,NA,166,NA,NA,NA,NA,NA,166,166,166,NA,NA,166,166,NA,NA,NA,NA,NA,NA,NA,166,166,NA,NA,166,NA,NA,166,NA,NA,166,166,166,NA,NA,NA,NA,NA,NA,167,NA,NA,NA,167,167,NA,NA,166,NA,166,NA,163,NA,168,175,NA,NA,NA,159,NA,151,NA,16,NA,NA,186,NA,NA,NA,164,164,NA,164,164,NA,NA,NA,NA,164,NA,164,NA,NA,NA,NA,179,181,NA,NA,18,NA,NA,NA,NA,NA,NA,NA,NA
NA,NA,NA,202,NA,203,203,NA,NA,NA,NA,202,202,NA,NA,203,NA,NA,NA,NA,NA,NA,NA,NA,NA,NA,NA,NA,NA,NA,NA,NA,NA,NA,NA,195,NA,200,NA,NA,198,200,202,196,NA,NA,NA,NA,NA,NA,NA,NA,196,NA,NA,NA,199,NA,NA,NA,NA,199,196,NA,NA,NA,NA,NA,NA,NA,NA,199,NA,NA,196,NA,NA,NA,NA,NA,198,NA,NA,NA,NA,NA,NA,NA,198,NA,NA,198,198,NA,198,NA,NA,198,198,198,NA,NA,198,NA,198,198,198,198,198,198,198,NA,NA,NA,199,NA,NA,NA,NA,198,NA,NA,NA,NA,NA,NA,196,NA,NA,198,201,205,NA,NA,194,NA,NA,NA,81,NA,NA,NA,NA,NA,201,NA,NA,201,NA,NA,201,NA,201,NA,NA,NA,201,NA,201,NA,NA,192,NA,NA,NA,NA,NA,NA,NA,88,NA,NA,NA,8,NA
NA,NA,196,NA,NA,NA,196,NA,NA,NA,NA,NA,NA,NA,NA,NA,199,NA,NA,NA,NA,NA,197,NA,NA,NA,NA,NA,199,NA,200,202,NA,NA,NA,NA,NA,NA,NA,199,NA,NA,NA,NA,NA,NA,NA,242,NA,NA,NA,NA,NA,NA,NA,NA,NA,187,NA,NA,NA,208,204,NA,197,NA,NA,NA,202,NA,201,199,NA,NA,198,NA,NA,NA,NA,NA,NA,NA,NA,NA,NA,NA,NA,NA,NA,NA,NA,NA,198,198,198,NA,NA,NA,NA,NA,198,NA,198,NA,NA,198,NA,NA,198,NA,NA,NA,NA,NA,NA,NA,NA,NA,198,198,198,198,198,NA,NA,NA,NA,NA,203,203,NA,NA,NA,NA,NA,NA,NA,174,NA,NA,50,NA,212,NA,NA,202,202,NA,NA,NA,NA,NA,202,NA,202,NA,202,202,NA,208,NA,NA,220,216,NA,NA,24,NA,NA,NA,0,NA,10,NA,NA
NA,NA,NA,NA,161,NA,NA,162,NA,NA,NA,159,NA,NA,NA,165,164,NA,NA,NA,NA,164,NA,NA,NA,163,163,NA,NA,NA,165,NA,166,159,160,NA,NA,NA,NA,NA,168,162,NA,NA,155,NA,255,NA,NA,NA,NA,172,NA,NA,165,NA,NA,NA,NA,172,NA,NA,NA,164,165,NA,167,169,167,166,NA,NA,NA,166,NA,NA,NA,NA,NA,NA,NA,NA,NA,166,NA,166,166,NA,166,NA,NA,166,166,166,NA,166,NA,NA,166,NA,NA,NA,NA,NA,NA,NA,166,166,NA,NA,NA,NA,NA,166,NA,NA,NA,NA,NA,NA,164,NA,163,NA,NA,NA,164,NA,NA,NA,NA,164,NA,NA,NA,169,NA,152,NA,NA,NA,NA,NA,NA,167,167,167,NA,NA,167,NA,167,167,NA,NA,167,NA,NA,NA,166,149,NA,NA,NA,NA,NA,NA,NA,192,NA,NA,0,15,NA,NA
63,NA,NA,58,52,NA,NA,NA,NA,NA,NA,53,NA,56,56,60,NA,NA,60,NA,62,62,NA,63,NA,NA,NA,NA,NA,NA,NA,NA,NA,49,53,NA,NA,NA,NA,NA,NA,49,NA,NA,59,92,NA,NA,255,NA,NA,NA,NA,NA,NA,47,NA,52,NA,NA,NA,NA,NA,NA,63,NA,65,NA,NA,NA,NA,NA,NA,NA,45,NA,NA,NA,NA,NA,NA,46,NA,NA,NA,46,NA,NA,NA,46,NA,NA,NA,NA,NA,NA,NA,46,NA,NA,NA,NA,46,NA,NA,NA,46,46,NA,46,NA,NA,NA,45,NA,NA,NA,NA,NA,46,NA,46,46,NA,NA,NA,NA,NA,NA,NA,46,NA,NA,NA,NA,NA,NA,NA,25,NA,10,NA,NA,NA,NA,NA,NA,48,NA,NA,NA,NA,NA,NA,48,48,48,48,NA,NA,NA,NA,NA,51,NA,NA,14,151,NA,77,0,NA,15,11,NA
NA,NA,NA,NA,70,66,NA,70,NA,NA,NA,NA,NA,NA,73,NA,NA,72,NA,NA,76,77,NA,78,NA,NA,NA,NA,NA,NA,NA,77,NA,NA,NA,74,NA,NA,NA,NA,61,63,NA,NA,77,NA,NA,NA,NA,NA,NA,77,90,83,NA,59,NA,NA,NA,NA,77,71,67,NA,NA,81,NA,NA,NA,NA,64,63,NA,62,NA,62,NA,NA,NA,62,NA,NA,NA,62,62,62,NA,NA,NA,62,62,NA,NA,NA,NA,NA,NA,NA,NA,NA,NA,NA,NA,NA,62,NA,NA,62,NA,62,62,NA,NA,61,NA,NA,NA,61,NA,NA,NA,NA,61,NA,NA,NA,NA,NA,NA,NA,58,NA,NA,68,NA,NA,NA,NA,32,NA,21,68,NA,NA,NA,NA,NA,82,NA,NA,NA,82,NA,NA,82,NA,NA,82,NA,91,NA,NA,89,84,27,NA,23,157,NA,NA,0,0,NA,NA,NA
NA,NA,168,NA,167,167,NA,NA,NA,NA,NA,NA,NA,NA,169,NA,NA,NA,NA,169,NA,169,NA,NA,NA,NA,NA,NA,NA,NA,NA,NA,NA,NA,NA,NA,NA,165,NA,NA,NA,162,163,165,NA,NA,NA,NA,NA,NA,NA,NA,NA,NA,NA,NA,NA,167,NA,170,NA,NA,NA,NA,NA,NA,171,168,NA,NA,NA,NA,NA,NA,NA,166,NA,NA,NA,NA,NA,NA,NA,NA,NA,NA,NA,NA,NA,NA,NA,168,NA,168,NA,NA,168,168,NA,NA,NA,NA,NA,168,NA,NA,NA,NA,NA,NA,NA,165,NA,NA,NA,NA,166,NA,166,NA,169,169,NA,NA,170,170,NA,165,NA,NA,NA,NA,169,NA,NA,172,NA,NA,NA,NA,NA,156,NA,NA,NA,NA,NA,178,NA,NA,178,178,178,NA,NA,NA,178,178,NA,NA,171,NA,NA,NA,NA,NA,32,NA,NA,NA,0,NA,NA,NA,NA
202,203,NA,203,NA,203,NA,NA,NA,202,NA,NA,NA,NA,NA,NA,NA,NA,202,NA,NA,200,NA,NA,201,NA,NA,NA,NA,NA,NA,NA,NA,NA,205,NA,NA,203,201,NA,NA,200,NA,NA,NA,NA,NA,255,NA,NA,NA,NA,NA,217,NA,NA,NA,199,202,NA,NA,NA,199,NA,NA,202,NA,205,205,206,207,NA,NA,203,NA,NA,202,NA,203,NA,203,NA,NA,NA,NA,NA,NA,NA,NA,NA,NA,NA,203,NA,NA,203,NA,NA,NA,NA,203,NA,NA,203,203,NA,NA,203,NA,203,NA,NA,NA,NA,NA,NA,NA,NA,NA,NA,NA,NA,NA,NA,204,NA,NA,NA,205,NA,NA,NA,201,NA,NA,208,NA,178,NA,14,NA,175,NA,NA,205,205,NA,NA,205,NA,NA,NA,NA,NA,NA,205,205,NA,NA,NA,NA,NA,214,218,NA,NA,NA,166,NA,NA,NA,NA,6,13,0
NA,NA,NA,193,193,195,NA,NA,195,NA,NA,NA,NA,NA,NA,192,192,NA,NA,NA,NA,NA,NA,NA,191,192,192,192,NA,NA,NA,194,NA,197,NA,205,NA,NA,198,NA,NA,NA,NA,NA,NA,194,193,NA,NA,245,NA,210,NA,NA,NA,NA,192,NA,191,193,NA,NA,NA,NA,195,NA,197,NA,200,NA,NA,197,195,195,194,194,NA,195,195,195,195,NA,NA,NA,NA,195,NA,NA,NA,NA,NA,NA,NA,195,NA,NA,195,195,NA,NA,NA,NA,NA,195,NA,195,NA,NA,NA,NA,195,194,194,194,194,195,195,197,NA,NA,NA,NA,202,202,NA,202,NA,NA,NA,201,NA,198,NA,NA,NA,NA,200,NA,NA,NA,NA,NA,219,NA,195,195,NA,195,NA,195,NA,NA,NA,195,195,195,NA,NA,195,NA,NA,NA,NA,NA,136,NA,NA,NA,NA,NA,NA,NA,7,NA,NA
NA,NA,NA,NA,138,NA,139,NA,NA,135,NA,142,138,138,NA,NA,141,NA,NA,NA,139,NA,NA,NA,NA,142,NA,141,NA,140,NA,NA,NA,142,NA,NA,NA,142,NA,NA,NA,NA,NA,NA,150,NA,126,NA,NA,NA,255,NA,131,NA,NA,NA,141,136,NA,137,143,NA,NA,NA,NA,NA,NA,NA,NA,NA,NA,NA,140,NA,NA,139,NA,NA,NA,NA,NA,NA,NA,NA,NA,139,139,NA,NA,NA,NA,NA,NA,NA,NA,NA,139,139,NA,NA,139,NA,139,NA,139,NA,NA,139,NA,NA,NA,137,NA,NA,NA,140,140,NA,NA,NA,NA,NA,NA,162,163,NA,NA,162,165,NA,NA,NA,NA,NA,NA,NA,161,NA,62,NA,30,NA,NA,NA,136,NA,NA,NA,NA,NA,NA,136,NA,136,NA,NA,NA,NA,NA,141,131,NA,NA,136,NA,NA,22,NA,NA,NA,1,NA,NA,NA,NA
NA,NA,NA,NA,NA,NA,NA,NA,NA,NA,NA,NA,NA,NA,NA,45,45,45,NA,44,42,NA,NA,44,NA,NA,NA,NA,NA,NA,43,27,NA,NA,NA,35,NA,34,NA,NA,NA,22,34,NA,NA,NA,NA,69,255,NA,250,NA,NA,NA,40,NA,NA,NA,NA,NA,NA,NA,NA,NA,NA,NA,NA,NA,NA,NA,36,NA,NA,NA,NA,NA,NA,NA,NA,NA,NA,32,NA,NA,32,NA,NA,32,NA,NA,NA,32,NA,NA,NA,NA,NA,NA,NA,NA,32,NA,NA,32,32,NA,32,NA,NA,NA,32,31,NA,32,NA,NA,NA,35,NA,NA,39,41,NA,NA,NA,42,NA,34,NA,NA,NA,53,NA,NA,38,NA,40,39,32,NA,8,24,NA,NA,34,NA,NA,NA,NA,34,NA,NA,NA,NA,34,NA,NA,NA,NA,NA,NA,NA,NA,NA,NA,6,NA,NA,NA,NA,NA,NA,8,3,NA
0,NA,NA,NA,NA,NA,NA,NA,NA,NA,0,0,NA,0,NA,NA,NA,NA,0,0,NA,NA,NA,NA,0,NA,NA,NA,0,0,NA,0,NA,0,NA,NA,0,NA,NA,NA,NA,NA,NA,NA,0,NA,0,NA,NA,245,NA,NA,NA,NA,NA,NA,NA,NA,0,NA,NA,0,NA,NA,NA,NA,0,2,NA,NA,NA,0,0,NA,0,0,0,NA,NA,NA,0,0,0,NA,NA,NA,0,NA,NA,0,NA,0,0,0,NA,0,0,NA,NA,0,NA,0,NA,0,NA,0,NA,NA,NA,NA,NA,NA,NA,NA,0,NA,NA,NA,NA,NA,0,NA,0,NA,NA,0,NA,NA,NA,NA,0,NA,NA,NA,NA,0,NA,NA,0,NA,NA,NA,NA,NA,NA,NA,NA,0,0,NA,0,NA,NA,NA,NA,NA,0,NA,0,NA,NA,NA,0,NA,NA,0,NA,NA,0,NA,NA,NA,NA,3,NA
NA,46,NA,45,44,NA,40,NA,NA,NA,38,NA,39,NA,NA,NA,NA,NA,NA,30,NA,NA,NA,NA,NA,NA,46,NA,NA,NA,NA,39,NA,NA,NA,NA,36,NA,39,NA,NA,NA,NA,NA,NA,36,NA,NA,NA,255,NA,NA,NA,NA,NA,NA,NA,NA,NA,NA,NA,NA,NA,NA,NA,NA,42,NA,NA,44,NA,NA,NA,35,32,28,25,NA,NA,NA,NA,28,NA,NA,28,28,28,NA,28,28,NA,NA,NA,28,28,NA,NA,NA,NA,NA,NA,NA,NA,28,NA,28,28,28,28,28,NA,NA,NA,NA,NA,NA,NA,NA,NA,NA,NA,NA,NA,28,NA,NA,28,28,NA,NA,NA,NA,28,28,28,NA,NA,NA,NA,NA,NA,NA,NA,28,28,NA,NA,NA,NA,NA,NA,28,28,NA,NA,NA,28,28,28,NA,NA,27,29,NA,35,NA,NA,NA,NA,8,0,NA,1,1,NA
NA,NA,159,158,157,NA,155,155,NA,NA,NA,158,NA,157,NA,NA,NA,156,NA,NA,NA,154,155,NA,NA,NA,NA,NA,156,NA,155,NA,NA,NA,NA,156,NA,NA,NA,NA,NA,NA,NA,152,152,NA,155,148,172,NA,NA,NA,NA,NA,NA,NA,153,NA,NA,NA,NA,NA,147,155,155,NA,NA,NA,158,NA,148,151,NA,NA,152,148,NA,NA,NA,NA,NA,NA,NA,152,152,NA,NA,NA,NA,152,152,NA,NA,NA,NA,NA,152,NA,NA,NA,152,NA,NA,152,152,NA,152,152,NA,NA,152,NA,NA,NA,NA,NA,NA,152,152,NA,NA,152,152,NA,NA,NA,NA,152,152,NA,NA,NA,152,NA,NA,NA,152,NA,NA,NA,NA,NA,NA,NA,152,NA,NA,NA,NA,NA,152,NA,152,NA,152,152,152,NA,NA,155,NA,NA,165,165,159,NA,NA,NA,NA,57,NA,NA,NA,NA,NA
202,NA,NA,202,202,NA,NA,NA,202,203,NA,NA,203,NA,NA,NA,NA,201,201,201,201,NA,NA,NA,NA,NA,NA,NA,NA,NA,203,NA,NA,NA,NA,NA,NA,NA,NA,204,NA,NA,NA,NA,NA,202,NA,204,NA,NA,NA,NA,NA,201,NA,209,NA,NA,NA,NA,NA,NA,NA,NA,NA,NA,NA,NA,NA,NA,197,NA,200,201,200,NA,NA,NA,NA,NA,201,201,NA,NA,NA,NA,NA,NA,NA,NA,NA,NA,201,NA,NA,201,NA,201,201,201,NA,NA,201,NA,NA,NA,NA,201,NA,NA,NA,201,NA,NA,NA,NA,201,NA,NA,201,NA,201,NA,NA,NA,NA,201,201,NA,NA,NA,NA,NA,NA,201,NA,201,NA,201,NA,NA,NA,NA,NA,NA,NA,NA,NA,NA,NA,NA,NA,NA,NA,NA,NA,NA,NA,NA,202,NA,NA,215,NA,NA,NA,NA,NA,NA,NA,NA,NA,NA,NA,NA
205,NA,NA,NA,205,NA,NA,NA,NA,NA,NA,NA,NA,NA,NA,NA,206,NA,207,NA,207,NA,NA,204,NA,206,NA,NA,NA,206,204,NA,205,205,NA,207,NA,NA,NA,NA,NA,206,NA,206,205,NA,NA,NA,NA,NA,NA,244,255,NA,NA,NA,206,NA,NA,NA,NA,NA,NA,NA,NA,NA,NA,NA,208,205,NA,203,NA,NA,NA,203,NA,NA,NA,NA,NA,NA,NA,NA,210,210,NA,NA,NA,210,210,NA,NA,NA,NA,210,NA,NA,NA,210,210,NA,NA,210,NA,210,NA,NA,NA,210,NA,210,NA,NA,210,NA,NA,210,NA,210,210,NA,NA,NA,NA,NA,NA,210,210,NA,NA,NA,NA,NA,210,NA,NA,NA,NA,NA,NA,NA,NA,NA,210,NA,NA,210,NA,NA,210,NA,210,NA,NA,NA,NA,NA,210,NA,NA,NA,NA,211,NA,NA,NA,NA,NA,NA,NA,1,NA,NA,NA
NA,NA,NA,206,NA,207,207,NA,NA,206,207,NA,206,NA,NA,206,NA,NA,NA,206,NA,NA,206,NA,207,206,NA,NA,NA,NA,208,NA,NA,NA,206,207,NA,NA,NA,NA,NA,NA,NA,NA,NA,NA,NA,NA,NA,210,255,NA,NA,NA,171,199,NA,206,NA,204,205,NA,NA,NA,NA,201,NA,NA,NA,206,NA,NA,NA,206,NA,NA,NA,205,209,NA,208,208,NA,NA,NA,NA,NA,NA,NA,208,NA,NA,NA,NA,NA,NA,208,208,NA,NA,208,208,NA,NA,NA,NA,208,NA,NA,208,NA,208,208,NA,208,208,NA,NA,NA,208,208,NA,NA,NA,NA,NA,NA,NA,NA,NA,208,NA,NA,NA,NA,NA,NA,NA,NA,NA,208,NA,NA,NA,NA,NA,NA,208,NA,NA,208,208,208,NA,NA,208,NA,NA,208,NA,201,NA,215,NA,NA,NA,208,NA,NA,NA,NA,0,10,7,NA
NA,208,208,NA,208,NA,NA,208,NA,NA,209,NA,NA,NA,208,NA,NA,208,NA,NA,208,NA,NA,NA,207,208,209,NA,NA,NA,NA,207,NA,NA,208,209,NA,209,NA,NA,NA,NA,NA,210,NA,NA,210,NA,203,NA,NA,NA,NA,NA,NA,NA,212,212,NA,NA,205,NA,NA,209,206,NA,NA,NA,212,209,NA,203,NA,208,NA,203,NA,NA,212,206,NA,NA,NA,NA,NA,NA,NA,NA,NA,206,NA,NA,NA,NA,NA,NA,NA,206,NA,NA,NA,NA,NA,NA,206,NA,NA,NA,NA,NA,NA,206,NA,NA,NA,NA,206,NA,206,NA,NA,NA,206,NA,206,NA,NA,NA,NA,NA,206,NA,NA,206,NA,206,NA,NA,NA,NA,NA,NA,206,NA,206,NA,NA,NA,206,206,NA,NA,206,NA,NA,NA,NA,206,NA,202,203,NA,NA,NA,195,NA,NA,220,NA,NA,NA,NA,NA,NA,NA
194,194,NA,194,NA,194,NA,195,NA,NA,NA,NA,NA,NA,194,NA,NA,194,NA,194,NA,NA,NA,NA,NA,NA,NA,NA,194,NA,NA,NA,NA,NA,195,196,196,NA,NA,NA,NA,198,NA,NA,NA,198,NA,NA,197,176,NA,255,NA,NA,NA,NA,NA,NA,197,NA,NA,195,NA,NA,NA,NA,NA,203,NA,NA,NA,NA,NA,198,198,195,195,NA,203,NA,195,NA,NA,NA,NA,NA,NA,NA,195,NA,NA,NA,195,NA,NA,NA,NA,195,NA,195,195,NA,195,195,NA,195,NA,NA,NA,195,NA,NA,NA,195,NA,NA,195,NA,NA,195,NA,NA,NA,NA,NA,NA,NA,195,NA,NA,NA,NA,NA,195,NA,NA,195,NA,NA,NA,195,195,NA,195,NA,NA,NA,NA,NA,NA,NA,195,195,195,NA,195,NA,NA,NA,194,NA,NA,NA,NA,NA,188,203,213,NA,70,NA,NA,NA,NA,NA
NA,NA,NA,NA,137,NA,NA,NA,136,NA,NA,NA,NA,NA,140,141,138,NA,138,NA,138,NA,NA,NA,139,NA,NA,NA,NA,NA,140,NA,NA,NA,156,NA,159,NA,166,162,NA,NA,NA,NA,NA,NA,NA,NA,NA,149,NA,NA,NA,NA,NA,NA,NA,NA,166,NA,166,168,157,NA,NA,NA,170,NA,175,NA,164,166,NA,NA,NA,166,NA,NA,NA,164,NA,NA,NA,NA,164,NA,164,NA,NA,164,NA,164,NA,NA,NA,NA,164,NA,NA,NA,NA,164,NA,164,NA,164,NA,NA,NA,164,164,164,NA,NA,NA,NA,164,NA,NA,NA,NA,NA,164,164,NA,NA,NA,164,NA,NA,NA,164,NA,NA,NA,164,NA,NA,NA,NA,NA,164,NA,NA,164,NA,NA,164,NA,NA,164,NA,NA,NA,NA,164,NA,164,164,NA,NA,NA,NA,NA,NA,NA,NA,NA,NA,NA,NA,NA,NA,NA,NA
NA,35,NA,NA,NA,NA,29,NA,NA,NA,30,30,NA,NA,NA,29,28,NA,NA,NA,NA,NA,30,NA,29,NA,NA,NA,NA,NA,NA,31,NA,NA,NA,34,37,NA,34,NA,NA,NA,NA,NA,36,NA,34,NA,NA,NA,NA,NA,NA,NA,NA,NA,47,46,NA,NA,NA,NA,NA,49,NA,NA,NA,NA,NA,NA,44,NA,NA,41,NA,38,38,NA,NA,NA,NA,38,NA,38,38,38,NA,NA,38,38,38,NA,NA,NA,NA,NA,NA,NA,38,NA,NA,NA,38,NA,NA,38,NA,NA,NA,NA,NA,NA,NA,38,38,NA,38,38,38,NA,NA,38,38,NA,NA,NA,38,38,NA,NA,38,38,NA,NA,NA,NA,38,38,NA,NA,NA,38,38,NA,NA,NA,NA,38,NA,38,38,NA,NA,NA,NA,38,NA,38,38,35,NA,NA,NA,NA,36,NA,NA,NA,NA,NA,NA,NA,NA,NA,NA
NA,7,NA,NA,NA,NA,NA,NA,NA,NA,NA,NA,5,NA,4,NA,8,6,NA,NA,NA,NA,NA,5,NA,3,NA,NA,NA,NA,4,6,11,10,NA,7,10,NA,NA,NA,NA,NA,10,NA,NA,10,NA,NA,NA,NA,NA,NA,NA,NA,NA,NA,NA,NA,NA,NA,NA,NA,13,NA,16,NA,22,NA,30,NA,NA,NA,NA,NA,NA,NA,NA,NA,14,NA,NA,8,NA,8,NA,8,NA,8,NA,NA,NA,NA,NA,NA,NA,8,8,8,8,NA,NA,8,NA,8,8,NA,8,NA,NA,NA,NA,8,NA,NA,8,8,NA,NA,8,NA,8,NA,8,NA,NA,NA,NA,8,NA,NA,NA,8,NA,NA,8,8,8,NA,NA,8,8,8,NA,8,NA,8,NA,8,NA,NA,NA,8,NA,8,NA,8,NA,8,8,11,NA,7,6,NA,NA,NA,8,6,3,NA,NA,NA,NA,8,10
12,0,NA,NA,NA,NA,NA,0,NA,0,NA,0,NA,NA,NA,7,NA,NA,NA,0,0,NA,0,NA,NA,NA,NA,NA,NA,NA,0,NA,0,NA,NA,0,NA,0,0,NA,NA,0,NA,NA,NA,NA,NA,6,8,NA,NA,53,NA,NA,NA,63,NA,0,NA,1,1,4,NA,4,NA,NA,NA,NA,NA,NA,NA,NA,NA,NA,0,0,NA,NA,NA,NA,0,0,NA,NA,0,NA,NA,0,NA,NA,NA,NA,NA,NA,NA,NA,0,NA,0,0,0,0,NA,0,NA,NA,NA,0,NA,NA,0,NA,NA,NA,NA,0,0,0,0,NA,NA,NA,0,0,0,0,0,0,NA,NA,NA,NA,NA,NA,NA,NA,NA,NA,NA,0,0,NA,NA,NA,NA,NA,NA,NA,NA,NA,0,NA,NA,NA,NA,NA,0,NA,NA,NA,0,0,NA,NA,1,3,NA,0,NA,NA,NA,NA,NA,1,7
NA,NA,NA,NA,NA,NA,NA,NA,NA,NA,NA,NA,NA,5,6,0,NA,NA,NA,NA,NA,0,NA,0,NA,0,NA,NA,NA,NA,NA,NA,NA,NA,3,NA,0,0,NA,NA,0,NA,NA,NA,NA,2,1,NA,11,8,NA,NA,0,NA,NA,NA,0,NA,NA,1,NA,NA,NA,7,NA,NA,NA,NA,NA,21,7,NA,1,NA,NA,NA,0,NA,3,NA,1,1,1,NA,1,1,1,NA,1,NA,NA,NA,1,1,1,1,1,NA,NA,1,1,NA,1,1,1,1,NA,NA,1,NA,NA,NA,NA,1,NA,NA,NA,NA,1,1,NA,1,NA,NA,NA,NA,NA,NA,1,NA,NA,NA,NA,NA,NA,NA,1,NA,1,1,1,NA,NA,NA,1,NA,1,1,NA,NA,NA,1,NA,NA,NA,NA,1,NA,1,NA,NA,0,0,0,4,7,NA,NA,NA,NA,6,1,NA,NA,NA
NA,7,13,NA,NA,NA,NA,NA,NA,NA,NA,6,NA,NA,NA,NA,NA,NA,4,3,NA,NA,NA,0,1,NA,NA,NA,NA,NA,NA,0,0,1,3,NA,2,2,3,2,1,NA,NA,NA,0,NA,NA,NA,NA,NA,3,0,NA,NA,NA,NA,NA,NA,NA,9,0,7,NA,NA,NA,NA,NA,NA,NA,24,10,NA,NA,4,NA,NA,NA,1,NA,3,NA,NA,NA,NA,3,NA,NA,NA,3,3,NA,NA,NA,NA,NA,NA,3,3,NA,3,NA,NA,NA,NA,NA,3,3,NA,3,NA,3,3,NA,NA,NA,NA,3,NA,NA,NA,NA,3,NA,3,NA,3,NA,NA,NA,NA,3,NA,NA,NA,3,NA,NA,NA,NA,NA,NA,NA,NA,NA,NA,NA,NA,NA,NA,NA,NA,3,NA,NA,NA,NA,3,NA,NA,0,0,NA,0,NA,NA,NA,4,0,0,NA,8,NA,NA,NA,NA
NA,NA,5,NA,NA,NA,NA,NA,NA,NA,NA,NA,NA,5,NA,NA,NA,NA,NA,NA,NA,NA,2,0,NA,NA,NA,12,4,NA,NA,NA,NA,NA,NA,2,1,NA,NA,NA,NA,NA,0,0,NA,NA,NA,NA,0,NA,6,7,NA,NA,0,NA,NA,NA,NA,NA,NA,NA,NA,NA,5,NA,NA,25,NA,NA,10,6,NA,NA,NA,NA,NA,0,NA,0,0,NA,NA,NA,0,0,0,NA,NA,0,NA,NA,0,NA,NA,NA,NA,NA,NA,0,NA,0,NA,0,0,NA,NA,NA,NA,0,NA,NA,NA,NA,NA,NA,0,NA,0,NA,0,NA,NA,NA,NA,NA,0,NA,NA,0,NA,NA,NA,NA,NA,NA,NA,NA,NA,NA,NA,0,0,NA,NA,0,NA,NA,NA,NA,NA,NA,NA,NA,0,0,NA,NA,0,NA,NA,NA,NA,0,NA,NA,NA,NA,NA,2,NA,NA,NA,NA,NA
